[
    {
        "_id": "rkGx6E1JK_u",
        "_deleted": false,
        "_createdAt": "2021-05-12T04:53:08.609Z",
        "_modifiedAt": "2021-05-12T04:53:08.609Z",
        "_lv": 0,
        "deploymentVersion": 1,
        "enabled": false,
        "backendId": "SJ5V11tOd",
        "modelId": "AccessKey",
        "event": "function afterDelete (event){\n /* Add Your Logic Here\t\n\t//apis.utility.logger.debug();\n\t*/\n}",
        "eventName": "afterDelete",
        "_v": 1
    },
    {
        "_id": "rJLGpVk1Yd_",
        "_deleted": false,
        "_createdAt": "2021-05-12T04:53:08.628Z",
        "_modifiedAt": "2021-05-12T04:53:08.628Z",
        "_lv": 0,
        "deploymentVersion": 1,
        "enabled": false,
        "backendId": "SJ5V11tOd",
        "modelId": "AccessKey",
        "event": "function afterRead (event){\n /* Add Your Logic Here\t\n\t//apis.utility.logger.debug();\n\t*/\n}",
        "eventName": "afterRead",
        "_v": 1
    },
    {
        "_id": "SJw6VJ1Ydd",
        "_deleted": false,
        "_createdAt": "2021-05-12T04:53:08.605Z",
        "_modifiedAt": "2021-05-12T04:53:08.605Z",
        "_lv": 0,
        "deploymentVersion": 1,
        "enabled": false,
        "backendId": "SJ5V11tOd",
        "modelId": "AccessKey",
        "event": "function afterSave (event){\n /* Add Your Logic Here\t\n\t//apis.utility.logger.debug();\n\t*/\n}",
        "eventName": "afterSave",
        "_v": 1
    },
    {
        "_id": "Bynlp411Fud",
        "_deleted": false,
        "_createdAt": "2021-05-12T04:53:08.612Z",
        "_modifiedAt": "2021-05-12T04:53:08.612Z",
        "_lv": 0,
        "deploymentVersion": 1,
        "enabled": false,
        "backendId": "SJ5V11tOd",
        "modelId": "AccessKey",
        "event": "function beforeDelete (event){\n /* Add Your Logic Here\t\n\t//apis.utility.logger.debug();\n\t*/\n}",
        "eventName": "beforeDelete",
        "_v": 1
    },
    {
        "_id": "BkcZ6N1JYO_",
        "_deleted": false,
        "_createdAt": "2021-05-12T04:53:08.620Z",
        "_modifiedAt": "2021-05-12T04:53:08.620Z",
        "_lv": 0,
        "deploymentVersion": 1,
        "enabled": false,
        "backendId": "SJ5V11tOd",
        "modelId": "AccessKey",
        "event": "function beforeRead (event){\n /* Add Your Logic Here\t\n\t//apis.utility.logger.debug();\n\t*/\n}",
        "eventName": "beforeRead",
        "_v": 1
    },
    {
        "_id": "SJrf6EJ1F_d",
        "_deleted": false,
        "_createdAt": "2021-05-12T04:53:08.627Z",
        "_modifiedAt": "2021-05-12T04:53:08.627Z",
        "_lv": 0,
        "deploymentVersion": 1,
        "enabled": false,
        "backendId": "SJ5V11tOd",
        "modelId": "AccessKey",
        "event": "function beforeSave (event){\n /* Add Your Logic Here\t\n\t//apis.utility.logger.debug();\n\t*/\n}",
        "eventName": "beforeSave",
        "_v": 1
    },
    {
        "_id": "H1r-aEJkKd_",
        "_deleted": false,
        "_createdAt": "2021-05-12T04:53:08.616Z",
        "_modifiedAt": "2021-05-12T04:53:08.616Z",
        "_lv": 0,
        "deploymentVersion": 1,
        "enabled": false,
        "backendId": "SJ5V11tOd",
        "modelId": "Attachment",
        "event": "function afterDelete (event){\n /* Add Your Logic Here\t\n\t//apis.utility.logger.debug();\n\t*/\n}",
        "eventName": "afterDelete",
        "_v": 1
    },
    {
        "_id": "H176VyJFOu",
        "_deleted": false,
        "_createdAt": "2021-05-12T04:53:08.603Z",
        "_modifiedAt": "2021-05-12T04:53:08.603Z",
        "_lv": 0,
        "deploymentVersion": 1,
        "enabled": false,
        "backendId": "SJ5V11tOd",
        "modelId": "Attachment",
        "event": "function afterRead (event){\n /* Add Your Logic Here\t\n\t//apis.utility.logger.debug();\n\t*/\n}",
        "eventName": "afterRead",
        "_v": 1
    },
    {
        "_id": "ByPlpNk1t_d",
        "_deleted": false,
        "_createdAt": "2021-05-12T04:53:08.611Z",
        "_modifiedAt": "2021-05-12T04:53:08.611Z",
        "_lv": 0,
        "deploymentVersion": 1,
        "enabled": false,
        "backendId": "SJ5V11tOd",
        "modelId": "Attachment",
        "event": "function afterSave (event){\n /* Add Your Logic Here\t\n\t//apis.utility.logger.debug();\n\t*/\n}",
        "eventName": "afterSave",
        "_v": 1
    },
    {
        "_id": "HyppV11Fud",
        "_deleted": false,
        "_createdAt": "2021-05-12T04:53:08.607Z",
        "_modifiedAt": "2021-05-12T04:53:08.607Z",
        "_lv": 0,
        "deploymentVersion": 1,
        "enabled": false,
        "backendId": "SJ5V11tOd",
        "modelId": "Attachment",
        "event": "function beforeDelete (event){\n /* Add Your Logic Here\t\n\t//apis.utility.logger.debug();\n\t*/\n}",
        "eventName": "beforeDelete",
        "_v": 1
    },
    {
        "_id": "rJWGpVyJKdu",
        "_deleted": false,
        "_createdAt": "2021-05-12T04:53:08.626Z",
        "_modifiedAt": "2021-05-12T04:53:08.626Z",
        "_lv": 0,
        "deploymentVersion": 1,
        "enabled": false,
        "backendId": "SJ5V11tOd",
        "modelId": "Attachment",
        "event": "function beforeRead (event){\n /* Add Your Logic Here\t\n\t//apis.utility.logger.debug();\n\t*/\n}",
        "eventName": "beforeRead",
        "_v": 1
    },
    {
        "_id": "S1Z641kKOO",
        "_deleted": false,
        "_createdAt": "2021-05-12T04:53:08.598Z",
        "_modifiedAt": "2021-05-12T04:53:08.598Z",
        "_lv": 0,
        "deploymentVersion": 1,
        "enabled": false,
        "backendId": "SJ5V11tOd",
        "modelId": "Attachment",
        "event": "function beforeSave (event){\n /* Add Your Logic Here\t\n\t//apis.utility.logger.debug();\n\t*/\n}",
        "eventName": "beforeSave",
        "_v": 1
    },
    {
        "_id": "BkbZTE1yY__",
        "_deleted": false,
        "_createdAt": "2021-05-12T04:53:08.614Z",
        "_modifiedAt": "2021-05-12T04:53:08.614Z",
        "_lv": 0,
        "deploymentVersion": 1,
        "enabled": false,
        "backendId": "SJ5V11tOd",
        "modelId": "Connection",
        "event": "function afterDelete (event){\n /* Add Your Logic Here\t\n\t//apis.utility.logger.debug();\n\t*/\n}",
        "eventName": "afterDelete",
        "_v": 1
    },
    {
        "_id": "rk1Ga411K_u",
        "_deleted": false,
        "_createdAt": "2021-05-12T04:53:08.625Z",
        "_modifiedAt": "2021-05-12T04:53:08.625Z",
        "_lv": 0,
        "deploymentVersion": 1,
        "enabled": false,
        "backendId": "SJ5V11tOd",
        "modelId": "Connection",
        "event": "function afterRead (event){\n /* Add Your Logic Here\t\n\t//apis.utility.logger.debug();\n\t*/\n}",
        "eventName": "afterRead",
        "_v": 1
    },
    {
        "_id": "S1Rz6N1yY__",
        "_deleted": false,
        "_createdAt": "2021-05-12T04:53:08.675Z",
        "_modifiedAt": "2021-05-12T04:53:08.675Z",
        "_lv": 0,
        "deploymentVersion": 1,
        "enabled": false,
        "backendId": "SJ5V11tOd",
        "modelId": "Connection",
        "event": "function afterSave (event){\n /* Add Your Logic Here\t\n\t//apis.utility.logger.debug();\n\t*/\n}",
        "eventName": "afterSave",
        "_v": 1
    },
    {
        "_id": "Syha4JJt_O",
        "_deleted": false,
        "_createdAt": "2021-05-12T04:53:08.606Z",
        "_modifiedAt": "2021-05-12T04:53:08.606Z",
        "_lv": 0,
        "deploymentVersion": 1,
        "enabled": false,
        "backendId": "SJ5V11tOd",
        "modelId": "Connection",
        "event": "function beforeDelete (event){\n /* Add Your Logic Here\t\n\t//apis.utility.logger.debug();\n\t*/\n}",
        "eventName": "beforeDelete",
        "_v": 1
    },
    {
        "_id": "BJofpN11KO_",
        "_deleted": false,
        "_createdAt": "2021-05-12T04:53:08.674Z",
        "_modifiedAt": "2021-05-12T04:53:08.674Z",
        "_lv": 0,
        "deploymentVersion": 1,
        "enabled": false,
        "backendId": "SJ5V11tOd",
        "modelId": "Connection",
        "event": "function beforeRead (event){\n /* Add Your Logic Here\t\n\t//apis.utility.logger.debug();\n\t*/\n}",
        "eventName": "beforeRead",
        "_v": 1
    },
    {
        "_id": "HJAWTEJJtu_",
        "_deleted": false,
        "_createdAt": "2021-05-12T04:53:08.624Z",
        "_modifiedAt": "2021-05-12T04:53:08.624Z",
        "_lv": 0,
        "deploymentVersion": 1,
        "enabled": false,
        "backendId": "SJ5V11tOd",
        "modelId": "Connection",
        "event": "function beforeSave (event){\n /* Add Your Logic Here\t\n\t//apis.utility.logger.debug();\n\t*/\n}",
        "eventName": "beforeSave",
        "_v": 1
    },
    {
        "_id": "S1G1o_StOu",
        "_deleted": false,
        "_createdAt": "2021-05-12T12:22:47.027Z",
        "_modifiedAt": "2021-05-12T12:22:47.027Z",
        "_lv": 0,
        "deploymentVersion": 2,
        "enabled": false,
        "backendId": "SJ5V11tOd",
        "modelId": "Kafka",
        "event": "function afterDelete (event){\n /* Add Your Logic Here\t\n\t//apis.utility.logger.debug();\n\t*/\n}",
        "eventName": "afterDelete",
        "_v": 1
    },
    {
        "_id": "rJr1surtOO",
        "_deleted": false,
        "_createdAt": "2021-05-12T12:22:47.030Z",
        "_modifiedAt": "2021-05-12T12:22:47.030Z",
        "_lv": 0,
        "deploymentVersion": 2,
        "enabled": false,
        "backendId": "SJ5V11tOd",
        "modelId": "Kafka",
        "event": "function afterRead (event){\n /* Add Your Logic Here\t\n\t//apis.utility.logger.debug();\n\t*/\n}",
        "eventName": "afterRead",
        "_v": 1
    },
    {
        "_id": "HJ-yj_BF_d",
        "_deleted": false,
        "_createdAt": "2021-05-12T12:22:47.026Z",
        "_modifiedAt": "2021-05-12T12:22:47.026Z",
        "_lv": 0,
        "deploymentVersion": 2,
        "enabled": false,
        "backendId": "SJ5V11tOd",
        "modelId": "Kafka",
        "event": "function afterSave (event){\n /* Add Your Logic Here\t\n\t//apis.utility.logger.debug();\n\t*/\n}",
        "eventName": "afterSave",
        "_v": 1
    },
    {
        "_id": "SyXyidHK_O",
        "_deleted": false,
        "_createdAt": "2021-05-12T12:22:47.029Z",
        "_modifiedAt": "2021-05-12T12:22:47.029Z",
        "_lv": 0,
        "deploymentVersion": 2,
        "enabled": false,
        "backendId": "SJ5V11tOd",
        "modelId": "Kafka",
        "event": "function beforeDelete (event){\n /* Add Your Logic Here\t\n\t//apis.utility.logger.debug();\n\t*/\n}",
        "eventName": "beforeDelete",
        "_v": 1
    },
    {
        "_id": "HJIksOBYuO",
        "_deleted": false,
        "_createdAt": "2021-05-12T12:22:47.031Z",
        "_modifiedAt": "2021-05-12T12:22:47.031Z",
        "_lv": 0,
        "deploymentVersion": 2,
        "enabled": false,
        "backendId": "SJ5V11tOd",
        "modelId": "Kafka",
        "event": "function beforeRead (event){\n /* Add Your Logic Here\t\n\t//apis.utility.logger.debug();\n\t*/\n}",
        "eventName": "beforeRead",
        "_v": 1
    },
    {
        "_id": "ByEkiuSFd_",
        "_deleted": false,
        "_createdAt": "2021-05-12T12:22:47.030Z",
        "_modifiedAt": "2021-05-12T12:22:47.030Z",
        "_lv": 0,
        "deploymentVersion": 2,
        "enabled": true,
        "backendId": "SJ5V11tOd",
        "modelId": "Kafka",
        "event": "function beforeSave (event){\n /* Add Your Logic Here\t\n\t//apis.utility.logger.debug();\n\t*/\n}",
        "eventName": "beforeSave",
        "_v": 2
    },
    {
        "_id": "Hyjp41yKdO",
        "_deleted": false,
        "_createdAt": "2021-05-12T04:53:08.606Z",
        "_modifiedAt": "2021-05-12T04:53:08.606Z",
        "_lv": 0,
        "deploymentVersion": 1,
        "enabled": false,
        "backendId": "SJ5V11tOd",
        "modelId": "Organization",
        "event": "function afterDelete (event){\n /* Add Your Logic Here\t\n\t//apis.utility.logger.debug();\n\t*/\n}",
        "eventName": "afterDelete",
        "_v": 1
    },
    {
        "_id": "ry9Ma41yt_u",
        "_deleted": false,
        "_createdAt": "2021-05-12T04:53:08.673Z",
        "_modifiedAt": "2021-05-12T04:53:08.673Z",
        "_lv": 0,
        "deploymentVersion": 1,
        "enabled": false,
        "backendId": "SJ5V11tOd",
        "modelId": "Organization",
        "event": "function afterRead (event){\n /* Add Your Logic Here\t\n\t//apis.utility.logger.debug();\n\t*/\n}",
        "eventName": "afterRead",
        "_v": 1
    },
    {
        "_id": "HJaWTE1ktuO",
        "_deleted": false,
        "_createdAt": "2021-05-12T04:53:08.623Z",
        "_modifiedAt": "2021-05-12T04:53:08.623Z",
        "_lv": 0,
        "deploymentVersion": 1,
        "enabled": false,
        "backendId": "SJ5V11tOd",
        "modelId": "Organization",
        "event": "function afterSave (event){\n /* Add Your Logic Here\t\n\t//apis.utility.logger.debug();\n\t*/\n}",
        "eventName": "afterSave",
        "_v": 1
    },
    {
        "_id": "rk6MTNJ1K_u",
        "_deleted": false,
        "_createdAt": "2021-05-12T04:53:08.674Z",
        "_modifiedAt": "2021-05-12T04:53:08.674Z",
        "_lv": 0,
        "deploymentVersion": 1,
        "enabled": false,
        "backendId": "SJ5V11tOd",
        "modelId": "Organization",
        "event": "function beforeDelete (event){\n /* Add Your Logic Here\t\n\t//apis.utility.logger.debug();\n\t*/\n}",
        "eventName": "beforeDelete",
        "_v": 1
    },
    {
        "_id": "rJxWpEkJtdd",
        "_deleted": false,
        "_createdAt": "2021-05-12T04:53:08.614Z",
        "_modifiedAt": "2021-05-12T04:53:08.614Z",
        "_lv": 0,
        "deploymentVersion": 1,
        "enabled": false,
        "backendId": "SJ5V11tOd",
        "modelId": "Organization",
        "event": "function beforeRead (event){\n /* Add Your Logic Here\t\n\t//apis.utility.logger.debug();\n\t*/\n}",
        "eventName": "beforeRead",
        "_v": 1
    },
    {
        "_id": "SJSla4y1F_u",
        "_deleted": false,
        "_createdAt": "2021-05-12T04:53:08.610Z",
        "_modifiedAt": "2021-05-12T04:53:08.610Z",
        "_lv": 0,
        "deploymentVersion": 1,
        "enabled": false,
        "backendId": "SJ5V11tOd",
        "modelId": "Organization",
        "event": "function beforeSave (event){\n /* Add Your Logic Here\t\n\t//apis.utility.logger.debug();\n\t*/\n}",
        "eventName": "beforeSave",
        "_v": 1
    },
    {
        "_id": "Hyzfp4Jytu_",
        "_deleted": false,
        "_createdAt": "2021-05-12T04:53:08.626Z",
        "_modifiedAt": "2021-05-12T04:53:08.626Z",
        "_lv": 0,
        "deploymentVersion": 1,
        "enabled": false,
        "backendId": "SJ5V11tOd",
        "modelId": "OrganizationDomain",
        "event": "function afterDelete (event){\n /* Add Your Logic Here\t\n\t//apis.utility.logger.debug();\n\t*/\n}",
        "eventName": "afterDelete",
        "_v": 1
    },
    {
        "_id": "r1YxpNJJt__",
        "_deleted": false,
        "_createdAt": "2021-05-12T04:53:08.611Z",
        "_modifiedAt": "2021-05-12T04:53:08.611Z",
        "_lv": 0,
        "deploymentVersion": 1,
        "enabled": false,
        "backendId": "SJ5V11tOd",
        "modelId": "OrganizationDomain",
        "event": "function afterRead (event){\n /* Add Your Logic Here\t\n\t//apis.utility.logger.debug();\n\t*/\n}",
        "eventName": "afterRead",
        "_v": 1
    },
    {
        "_id": "HyCT4JkYdO",
        "_deleted": false,
        "_createdAt": "2021-05-12T04:53:08.607Z",
        "_modifiedAt": "2021-05-12T04:53:08.607Z",
        "_lv": 0,
        "deploymentVersion": 1,
        "enabled": false,
        "backendId": "SJ5V11tOd",
        "modelId": "OrganizationDomain",
        "event": "function afterSave (event){\n /* Add Your Logic Here\t\n\t//apis.utility.logger.debug();\n\t*/\n}",
        "eventName": "afterSave",
        "_v": 1
    },
    {
        "_id": "Sk8bTE1JYuO",
        "_deleted": false,
        "_createdAt": "2021-05-12T04:53:08.617Z",
        "_modifiedAt": "2021-05-12T04:53:08.617Z",
        "_lv": 0,
        "deploymentVersion": 1,
        "enabled": false,
        "backendId": "SJ5V11tOd",
        "modelId": "OrganizationDomain",
        "event": "function beforeDelete (event){\n /* Add Your Logic Here\t\n\t//apis.utility.logger.debug();\n\t*/\n}",
        "eventName": "beforeDelete",
        "_v": 1
    },
    {
        "_id": "SkN6VyyKud",
        "_deleted": false,
        "_createdAt": "2021-05-12T04:53:08.603Z",
        "_modifiedAt": "2021-05-12T04:53:08.603Z",
        "_lv": 0,
        "deploymentVersion": 1,
        "enabled": false,
        "backendId": "SJ5V11tOd",
        "modelId": "OrganizationDomain",
        "event": "function beforeRead (event){\n /* Add Your Logic Here\t\n\t//apis.utility.logger.debug();\n\t*/\n}",
        "eventName": "beforeRead",
        "_v": 1
    },
    {
        "_id": "SJdxaV1JtO_",
        "_deleted": false,
        "_createdAt": "2021-05-12T04:53:08.611Z",
        "_modifiedAt": "2021-05-12T04:53:08.611Z",
        "_lv": 0,
        "deploymentVersion": 1,
        "enabled": false,
        "backendId": "SJ5V11tOd",
        "modelId": "OrganizationDomain",
        "event": "function beforeSave (event){\n /* Add Your Logic Here\t\n\t//apis.utility.logger.debug();\n\t*/\n}",
        "eventName": "beforeSave",
        "_v": 1
    },
    {
        "_id": "SJjlpEJ1KuO",
        "_deleted": false,
        "_createdAt": "2021-05-12T04:53:08.612Z",
        "_modifiedAt": "2021-05-12T04:53:08.612Z",
        "_lv": 0,
        "deploymentVersion": 1,
        "enabled": false,
        "backendId": "SJ5V11tOd",
        "modelId": "Rule",
        "event": "function afterDelete (event){\n /* Add Your Logic Here\t\n\t//apis.utility.logger.debug();\n\t*/\n}",
        "eventName": "afterDelete",
        "_v": 1
    },
    {
        "_id": "rJKWp4JyFOO",
        "_deleted": false,
        "_createdAt": "2021-05-12T04:53:08.619Z",
        "_modifiedAt": "2021-05-12T04:53:08.619Z",
        "_lv": 0,
        "deploymentVersion": 1,
        "enabled": false,
        "backendId": "SJ5V11tOd",
        "modelId": "Rule",
        "event": "function afterRead (event){\n /* Add Your Logic Here\t\n\t//apis.utility.logger.debug();\n\t*/\n}",
        "eventName": "afterRead",
        "_v": 1
    },
    {
        "_id": "Hk4zTEJ1tu_",
        "_deleted": false,
        "_createdAt": "2021-05-12T04:53:08.627Z",
        "_modifiedAt": "2021-05-12T04:53:08.627Z",
        "_lv": 0,
        "deploymentVersion": 1,
        "enabled": false,
        "backendId": "SJ5V11tOd",
        "modelId": "Rule",
        "event": "function afterSave (event){\n /* Add Your Logic Here\t\n\t//apis.utility.logger.debug();\n\t*/\n}",
        "eventName": "afterSave",
        "_v": 1
    },
    {
        "_id": "rkIT4yJYdd",
        "_deleted": false,
        "_createdAt": "2021-05-12T04:53:08.604Z",
        "_modifiedAt": "2021-05-12T04:53:08.604Z",
        "_lv": 0,
        "deploymentVersion": 1,
        "enabled": false,
        "backendId": "SJ5V11tOd",
        "modelId": "Rule",
        "event": "function beforeDelete (event){\n /* Add Your Logic Here\t\n\t//apis.utility.logger.debug();\n\t*/\n}",
        "eventName": "beforeDelete",
        "_v": 1
    },
    {
        "_id": "HJZxaN1yFO_",
        "_deleted": false,
        "_createdAt": "2021-05-12T04:53:08.608Z",
        "_modifiedAt": "2021-05-12T04:53:08.608Z",
        "_lv": 0,
        "deploymentVersion": 1,
        "enabled": false,
        "backendId": "SJ5V11tOd",
        "modelId": "Rule",
        "event": "function beforeRead (event){\n /* Add Your Logic Here\t\n\t//apis.utility.logger.debug();\n\t*/\n}",
        "eventName": "beforeRead",
        "_v": 1
    },
    {
        "_id": "SJdWTE1kt_d",
        "_deleted": false,
        "_createdAt": "2021-05-12T04:53:08.618Z",
        "_modifiedAt": "2021-05-12T04:53:08.618Z",
        "_lv": 0,
        "deploymentVersion": 1,
        "enabled": false,
        "backendId": "SJ5V11tOd",
        "modelId": "Rule",
        "event": "function beforeSave (event){\n /* Add Your Logic Here\t\n\t//apis.utility.logger.debug();\n\t*/\n}",
        "eventName": "beforeSave",
        "_v": 1
    },
    {
        "_id": "rkufaE11Y_O",
        "_deleted": false,
        "_createdAt": "2021-05-12T04:53:08.629Z",
        "_modifiedAt": "2021-05-12T04:53:08.629Z",
        "_lv": 0,
        "deploymentVersion": 1,
        "enabled": false,
        "backendId": "SJ5V11tOd",
        "modelId": "User",
        "event": "function afterDelete (event){\n /* Add Your Logic Here\t\n\t//apis.utility.logger.debug();\n\t*/\n}",
        "eventName": "afterDelete",
        "_v": 1
    },
    {
        "_id": "rkkWaEJkF_d",
        "_deleted": false,
        "_createdAt": "2021-05-12T04:53:08.614Z",
        "_modifiedAt": "2021-05-12T04:53:08.614Z",
        "_lv": 0,
        "deploymentVersion": 1,
        "enabled": false,
        "backendId": "SJ5V11tOd",
        "modelId": "User",
        "event": "function afterRead (event){\n /* Add Your Logic Here\t\n\t//apis.utility.logger.debug();\n\t*/\n}",
        "eventName": "afterRead",
        "_v": 1
    },
    {
        "_id": "B1Ng6VkJY_d",
        "_deleted": false,
        "_createdAt": "2021-05-12T04:53:08.609Z",
        "_modifiedAt": "2021-05-12T04:53:08.609Z",
        "_lv": 0,
        "deploymentVersion": 1,
        "enabled": false,
        "backendId": "SJ5V11tOd",
        "modelId": "User",
        "event": "function afterSave (event){\n /* Add Your Logic Here\t\n\t//apis.utility.logger.debug();\n\t*/\n}",
        "eventName": "afterSave",
        "_v": 1
    },
    {
        "_id": "HJ3WpN1ktOO",
        "_deleted": false,
        "_createdAt": "2021-05-12T04:53:08.623Z",
        "_modifiedAt": "2021-05-12T04:53:08.623Z",
        "_lv": 0,
        "deploymentVersion": 1,
        "enabled": false,
        "backendId": "SJ5V11tOd",
        "modelId": "User",
        "event": "function beforeDelete (event){\n /* Add Your Logic Here\t\n\t//apis.utility.logger.debug();\n\t*/\n}",
        "eventName": "beforeDelete",
        "_v": 1
    },
    {
        "_id": "rJ9TVykF_u",
        "_deleted": false,
        "_createdAt": "2021-05-12T04:53:08.606Z",
        "_modifiedAt": "2021-05-12T04:53:08.606Z",
        "_lv": 0,
        "deploymentVersion": 1,
        "enabled": false,
        "backendId": "SJ5V11tOd",
        "modelId": "User",
        "event": "function beforeRead (event){\n /* Add Your Logic Here\t\n\t//apis.utility.logger.debug();\n\t*/\n}",
        "eventName": "beforeRead",
        "_v": 1
    },
    {
        "_id": "BJRg6411Y_d",
        "_deleted": false,
        "_createdAt": "2021-05-12T04:53:08.613Z",
        "_modifiedAt": "2021-05-12T04:53:08.613Z",
        "_lv": 0,
        "deploymentVersion": 1,
        "enabled": false,
        "backendId": "SJ5V11tOd",
        "modelId": "User",
        "event": "function beforeSave (event){\n /* Add Your Logic Here\t\n\t//apis.utility.logger.debug();\n\t*/\n}",
        "eventName": "beforeSave",
        "_v": 1
    },
    {
        "_id": "rynMTVJJFu_",
        "_deleted": false,
        "_createdAt": "2021-05-12T04:53:08.674Z",
        "_modifiedAt": "2021-05-12T04:53:08.674Z",
        "_lv": 0,
        "deploymentVersion": 1,
        "enabled": false,
        "backendId": "SJ5V11tOd",
        "modelId": "Workflow",
        "event": "function afterDelete (event){\n /* Add Your Logic Here\t\n\t//apis.utility.logger.debug();\n\t*/\n}",
        "eventName": "afterDelete",
        "_v": 1
    },
    {
        "_id": "SJg7aEk1F_u",
        "_deleted": false,
        "_createdAt": "2021-05-12T04:53:08.675Z",
        "_modifiedAt": "2021-05-12T04:53:08.675Z",
        "_lv": 0,
        "deploymentVersion": 1,
        "enabled": false,
        "backendId": "SJ5V11tOd",
        "modelId": "Workflow",
        "event": "function afterRead (event){\n /* Add Your Logic Here\t\n\t//apis.utility.logger.debug();\n\t*/\n}",
        "eventName": "afterRead",
        "_v": 1
    },
    {
        "_id": "ryYf6N1JF__",
        "_deleted": false,
        "_createdAt": "2021-05-12T04:53:08.673Z",
        "_modifiedAt": "2021-05-12T04:53:08.673Z",
        "_lv": 0,
        "deploymentVersion": 1,
        "enabled": false,
        "backendId": "SJ5V11tOd",
        "modelId": "Workflow",
        "event": "function afterSave (event){\n /* Add Your Logic Here\t\n\t//apis.utility.logger.debug();\n\t*/\n}",
        "eventName": "afterSave",
        "_v": 1
    },
    {
        "_id": "r1MbT41yFOO",
        "_deleted": false,
        "_createdAt": "2021-05-12T04:53:08.615Z",
        "_modifiedAt": "2021-05-12T04:53:08.615Z",
        "_lv": 0,
        "deploymentVersion": 1,
        "enabled": false,
        "backendId": "SJ5V11tOd",
        "modelId": "Workflow",
        "event": "function beforeDelete (event){\n /* Add Your Logic Here\t\n\t//apis.utility.logger.debug();\n\t*/\n}",
        "eventName": "beforeDelete",
        "_v": 1
    },
    {
        "_id": "ByeGaEJytu_",
        "_deleted": false,
        "_createdAt": "2021-05-12T04:53:08.625Z",
        "_modifiedAt": "2021-05-12T04:53:08.625Z",
        "_lv": 0,
        "deploymentVersion": 1,
        "enabled": false,
        "backendId": "SJ5V11tOd",
        "modelId": "Workflow",
        "event": "function beforeRead (event){\n /* Add Your Logic Here\t\n\t//apis.utility.logger.debug();\n\t*/\n}",
        "eventName": "beforeRead",
        "_v": 1
    },
    {
        "_id": "rJJ7p4kJFd_",
        "_deleted": false,
        "_createdAt": "2021-05-12T04:53:08.675Z",
        "_modifiedAt": "2021-05-12T04:53:08.675Z",
        "_lv": 0,
        "deploymentVersion": 1,
        "enabled": false,
        "backendId": "SJ5V11tOd",
        "modelId": "Workflow",
        "event": "function beforeSave (event){\n /* Add Your Logic Here\t\n\t//apis.utility.logger.debug();\n\t*/\n}",
        "eventName": "beforeSave",
        "_v": 1
    },
    {
        "_id": "rJIgT4kJYOO",
        "_deleted": false,
        "_createdAt": "2021-05-12T04:53:08.610Z",
        "_modifiedAt": "2021-05-12T04:53:08.610Z",
        "_lv": 0,
        "deploymentVersion": 1,
        "enabled": false,
        "backendId": "SJ5V11tOd",
        "modelId": "jobDetail",
        "event": "function afterDelete (event){\n /* Add Your Logic Here\t\n\t//apis.utility.logger.debug();\n\t*/\n}",
        "eventName": "afterDelete",
        "_v": 1
    },
    {
        "_id": "SyVWpN1kFdO",
        "_deleted": false,
        "_createdAt": "2021-05-12T04:53:08.616Z",
        "_modifiedAt": "2021-05-12T04:53:08.616Z",
        "_lv": 0,
        "deploymentVersion": 1,
        "enabled": false,
        "backendId": "SJ5V11tOd",
        "modelId": "jobDetail",
        "event": "function afterRead (event){\n /* Add Your Logic Here\t\n\t//apis.utility.logger.debug();\n\t*/\n}",
        "eventName": "afterRead",
        "_v": 1
    },
    {
        "_id": "H1TV11tdu",
        "_deleted": false,
        "_createdAt": "2021-05-12T04:53:08.587Z",
        "_modifiedAt": "2021-05-12T04:53:08.587Z",
        "_lv": 0,
        "deploymentVersion": 1,
        "enabled": false,
        "backendId": "SJ5V11tOd",
        "modelId": "jobDetail",
        "event": "function afterSave (event){\n /* Add Your Logic Here\t\n\t//apis.utility.logger.debug();\n\t*/\n}",
        "eventName": "afterSave",
        "_v": 1
    },
    {
        "_id": "S1xpEJJYdO",
        "_deleted": false,
        "_createdAt": "2021-05-12T04:53:08.598Z",
        "_modifiedAt": "2021-05-12T04:53:08.598Z",
        "_lv": 0,
        "deploymentVersion": 1,
        "enabled": false,
        "backendId": "SJ5V11tOd",
        "modelId": "jobDetail",
        "event": "function beforeDelete (event){\n /* Add Your Logic Here\t\n\t//apis.utility.logger.debug();\n\t*/\n}",
        "eventName": "beforeDelete",
        "_v": 1
    },
    {
        "_id": "BkM6NJktO_",
        "_deleted": false,
        "_createdAt": "2021-05-12T04:53:08.599Z",
        "_modifiedAt": "2021-05-12T04:53:08.599Z",
        "_lv": 0,
        "deploymentVersion": 1,
        "enabled": false,
        "backendId": "SJ5V11tOd",
        "modelId": "jobDetail",
        "event": "function beforeRead (event){\n /* Add Your Logic Here\t\n\t//apis.utility.logger.debug();\n\t*/\n}",
        "eventName": "beforeRead",
        "_v": 1
    },
    {
        "_id": "SyQbaEkkYO_",
        "_deleted": false,
        "_createdAt": "2021-05-12T04:53:08.615Z",
        "_modifiedAt": "2021-05-12T04:53:08.615Z",
        "_lv": 0,
        "deploymentVersion": 1,
        "enabled": false,
        "backendId": "SJ5V11tOd",
        "modelId": "jobDetail",
        "event": "function beforeSave (event){\n /* Add Your Logic Here\t\n\t//apis.utility.logger.debug();\n\t*/\n}",
        "eventName": "beforeSave",
        "_v": 1
    },
    {
        "_id": "S1B6NJytdO",
        "_deleted": false,
        "_createdAt": "2021-05-12T04:53:08.604Z",
        "_modifiedAt": "2021-05-12T04:53:08.604Z",
        "_lv": 0,
        "deploymentVersion": 1,
        "enabled": false,
        "backendId": "SJ5V11tOd",
        "modelId": "mapping",
        "event": "function afterDelete (event){\n /* Add Your Logic Here\t\n\t//apis.utility.logger.debug();\n\t*/\n}",
        "eventName": "afterDelete",
        "_v": 1
    },
    {
        "_id": "S1lxpVkJKd_",
        "_deleted": false,
        "_createdAt": "2021-05-12T04:53:08.608Z",
        "_modifiedAt": "2021-05-12T04:53:08.608Z",
        "_lv": 0,
        "deploymentVersion": 1,
        "enabled": false,
        "backendId": "SJ5V11tOd",
        "modelId": "mapping",
        "event": "function afterRead (event){\n /* Add Your Logic Here\t\n\t//apis.utility.logger.debug();\n\t*/\n}",
        "eventName": "afterRead",
        "_v": 1
    },
    {
        "_id": "SkPbpVJ1KOu",
        "_deleted": false,
        "_createdAt": "2021-05-12T04:53:08.618Z",
        "_modifiedAt": "2021-05-12T04:53:08.618Z",
        "_lv": 0,
        "deploymentVersion": 1,
        "enabled": false,
        "backendId": "SJ5V11tOd",
        "modelId": "mapping",
        "event": "function afterSave (event){\n /* Add Your Logic Here\t\n\t//apis.utility.logger.debug();\n\t*/\n}",
        "eventName": "afterSave",
        "_v": 1
    },
    {
        "_id": "H1Qfp4k1Y_u",
        "_deleted": false,
        "_createdAt": "2021-05-12T04:53:08.627Z",
        "_modifiedAt": "2021-05-12T04:53:08.627Z",
        "_lv": 0,
        "deploymentVersion": 1,
        "enabled": false,
        "backendId": "SJ5V11tOd",
        "modelId": "mapping",
        "event": "function beforeDelete (event){\n /* Add Your Logic Here\t\n\t//apis.utility.logger.debug();\n\t*/\n}",
        "eventName": "beforeDelete",
        "_v": 1
    },
    {
        "_id": "SJclTVykt_d",
        "_deleted": false,
        "_createdAt": "2021-05-12T04:53:08.612Z",
        "_modifiedAt": "2021-05-12T04:53:08.612Z",
        "_lv": 0,
        "deploymentVersion": 1,
        "enabled": false,
        "backendId": "SJ5V11tOd",
        "modelId": "mapping",
        "event": "function beforeRead (event){\n /* Add Your Logic Here\t\n\t//apis.utility.logger.debug();\n\t*/\n}",
        "eventName": "beforeRead",
        "_v": 1
    },
    {
        "_id": "r1JepE1ytdu",
        "_deleted": false,
        "_createdAt": "2021-05-12T04:53:08.608Z",
        "_modifiedAt": "2021-05-12T04:53:08.608Z",
        "_lv": 0,
        "deploymentVersion": 1,
        "enabled": false,
        "backendId": "SJ5V11tOd",
        "modelId": "mapping",
        "event": "function beforeSave (event){\n /* Add Your Logic Here\t\n\t//apis.utility.logger.debug();\n\t*/\n}",
        "eventName": "beforeSave",
        "_v": 1
    },
    {
        "_id": "H1sbTN1yY_u",
        "_deleted": false,
        "_createdAt": "2021-05-12T04:53:08.620Z",
        "_modifiedAt": "2021-05-12T04:53:08.620Z",
        "_lv": 0,
        "deploymentVersion": 1,
        "enabled": false,
        "backendId": "SJ5V11tOd",
        "modelId": "s3ObjectRoleMapping",
        "event": "function afterDelete (event){\n /* Add Your Logic Here\t\n\t//apis.utility.logger.debug();\n\t*/\n}",
        "eventName": "afterDelete",
        "_v": 1
    },
    {
        "_id": "rytaNJ1KO_",
        "_deleted": false,
        "_createdAt": "2021-05-12T04:53:08.605Z",
        "_modifiedAt": "2021-05-12T04:53:08.605Z",
        "_lv": 0,
        "deploymentVersion": 1,
        "enabled": false,
        "backendId": "SJ5V11tOd",
        "modelId": "s3ObjectRoleMapping",
        "event": "function afterRead (event){\n /* Add Your Logic Here\t\n\t//apis.utility.logger.debug();\n\t*/\n}",
        "eventName": "afterRead",
        "_v": 1
    },
    {
        "_id": "HJplpNJyFd_",
        "_deleted": false,
        "_createdAt": "2021-05-12T04:53:08.613Z",
        "_modifiedAt": "2021-05-12T04:53:08.613Z",
        "_lv": 0,
        "deploymentVersion": 1,
        "enabled": false,
        "backendId": "SJ5V11tOd",
        "modelId": "s3ObjectRoleMapping",
        "event": "function afterSave (event){\n /* Add Your Logic Here\t\n\t//apis.utility.logger.debug();\n\t*/\n}",
        "eventName": "afterSave",
        "_v": 1
    },
    {
        "_id": "SyQg6VJJKuO",
        "_deleted": false,
        "_createdAt": "2021-05-12T04:53:08.609Z",
        "_modifiedAt": "2021-05-12T04:53:08.609Z",
        "_lv": 0,
        "deploymentVersion": 1,
        "enabled": false,
        "backendId": "SJ5V11tOd",
        "modelId": "s3ObjectRoleMapping",
        "event": "function beforeDelete (event){\n /* Add Your Logic Here\t\n\t//apis.utility.logger.debug();\n\t*/\n}",
        "eventName": "beforeDelete",
        "_v": 1
    },
    {
        "_id": "HyPfTE11Yud",
        "_deleted": false,
        "_createdAt": "2021-05-12T04:53:08.628Z",
        "_modifiedAt": "2021-05-12T04:53:08.628Z",
        "_lv": 0,
        "deploymentVersion": 1,
        "enabled": false,
        "backendId": "SJ5V11tOd",
        "modelId": "s3ObjectRoleMapping",
        "event": "function beforeRead (event){\n /* Add Your Logic Here\t\n\t//apis.utility.logger.debug();\n\t*/\n}",
        "eventName": "beforeRead",
        "_v": 1
    },
    {
        "_id": "B1dpE1JY_d",
        "_deleted": false,
        "_createdAt": "2021-05-12T04:53:08.605Z",
        "_modifiedAt": "2021-05-12T04:53:08.605Z",
        "_lv": 0,
        "deploymentVersion": 1,
        "enabled": false,
        "backendId": "SJ5V11tOd",
        "modelId": "s3ObjectRoleMapping",
        "event": "function beforeSave (event){\n /* Add Your Logic Here\t\n\t//apis.utility.logger.debug();\n\t*/\n}",
        "eventName": "beforeSave",
        "_v": 1
    }
]