[
    {
        "_id": "S1ylufrNDXO",
        "_deleted": false,
        "_createdAt": "2021-03-11T06:13:36.224Z",
        "_modifiedAt": "2021-03-11T06:13:36.224Z",
        "_lv": 0,
        "deploymentVersion": 1,
        "enabled": false,
        "backendId": "SJ8fSND7_",
        "modelId": "AccessKey",
        "event": "function afterDelete (event){\n /* Add Your Logic Here\t\n\t//apis.utility.logger.debug();\n\t*/\n}",
        "eventName": "afterDelete",
        "_v": 1
    },
    {
        "_id": "rysOfSVPXO",
        "_deleted": false,
        "_createdAt": "2021-03-11T06:13:36.221Z",
        "_modifiedAt": "2021-03-11T06:13:36.221Z",
        "_lv": 0,
        "deploymentVersion": 1,
        "enabled": false,
        "backendId": "SJ8fSND7_",
        "modelId": "AccessKey",
        "event": "function afterRead (event){\n /* Add Your Logic Here\t\n\t//apis.utility.logger.debug();\n\t*/\n}",
        "eventName": "afterRead",
        "_v": 1
    },
    {
        "_id": "SJvW_fr4Dm_",
        "_deleted": false,
        "_createdAt": "2021-03-11T06:13:36.241Z",
        "_modifiedAt": "2021-03-11T06:13:36.241Z",
        "_lv": 0,
        "deploymentVersion": 1,
        "enabled": false,
        "backendId": "SJ8fSND7_",
        "modelId": "AccessKey",
        "event": "function afterSave (event){\n /* Add Your Logic Here\t\n\t//apis.utility.logger.debug();\n\t*/\n}",
        "eventName": "afterSave",
        "_v": 1
    },
    {
        "_id": "rJ3_fSEDQ_",
        "_deleted": false,
        "_createdAt": "2021-03-11T06:13:36.222Z",
        "_modifiedAt": "2021-03-11T06:13:36.222Z",
        "_lv": 0,
        "deploymentVersion": 1,
        "enabled": false,
        "backendId": "SJ8fSND7_",
        "modelId": "AccessKey",
        "event": "function beforeDelete (event){\n /* Add Your Logic Here\t\n\t//apis.utility.logger.debug();\n\t*/\n}",
        "eventName": "beforeDelete",
        "_v": 1
    },
    {
        "_id": "rJZe_Gr4DQd",
        "_deleted": false,
        "_createdAt": "2021-03-11T06:13:36.225Z",
        "_modifiedAt": "2021-03-11T06:13:36.225Z",
        "_lv": 0,
        "deploymentVersion": 1,
        "enabled": false,
        "backendId": "SJ8fSND7_",
        "modelId": "AccessKey",
        "event": "function beforeRead (event){\n /* Add Your Logic Here\t\n\t//apis.utility.logger.debug();\n\t*/\n}",
        "eventName": "beforeRead",
        "_v": 1
    },
    {
        "_id": "B1quzHED7O",
        "_deleted": false,
        "_createdAt": "2021-03-11T06:13:36.209Z",
        "_modifiedAt": "2021-03-11T06:13:36.209Z",
        "_lv": 0,
        "deploymentVersion": 1,
        "enabled": false,
        "backendId": "SJ8fSND7_",
        "modelId": "AccessKey",
        "event": "function beforeSave (event){\n /* Add Your Logic Here\t\n\t//apis.utility.logger.debug();\n\t*/\n}",
        "eventName": "beforeSave",
        "_v": 1
    },
    {
        "_id": "HywQOMSVvmd",
        "_deleted": false,
        "_createdAt": "2021-03-11T06:13:36.286Z",
        "_modifiedAt": "2021-03-11T06:13:36.286Z",
        "_lv": 0,
        "deploymentVersion": 1,
        "enabled": false,
        "backendId": "SJ8fSND7_",
        "modelId": "Attachment",
        "event": "function afterDelete (event){\n /* Add Your Logic Here\t\n\t//apis.utility.logger.debug();\n\t*/\n}",
        "eventName": "afterDelete",
        "_v": 1
    },
    {
        "_id": "Hk-Q_MBEDQd",
        "_deleted": false,
        "_createdAt": "2021-03-11T06:13:36.283Z",
        "_modifiedAt": "2021-03-11T06:13:36.283Z",
        "_lv": 0,
        "deploymentVersion": 1,
        "enabled": false,
        "backendId": "SJ8fSND7_",
        "modelId": "Attachment",
        "event": "function afterRead (event){\n /* Add Your Logic Here\t\n\t//apis.utility.logger.debug();\n\t*/\n}",
        "eventName": "afterRead",
        "_v": 1
    },
    {
        "_id": "rkBzuGHEvXd",
        "_deleted": false,
        "_createdAt": "2021-03-11T06:13:36.275Z",
        "_modifiedAt": "2021-03-11T06:13:36.275Z",
        "_lv": 0,
        "deploymentVersion": 1,
        "enabled": false,
        "backendId": "SJ8fSND7_",
        "modelId": "Attachment",
        "event": "function afterSave (event){\n /* Add Your Logic Here\t\n\t//apis.utility.logger.debug();\n\t*/\n}",
        "eventName": "afterSave",
        "_v": 1
    },
    {
        "_id": "S1sM_frEwQO",
        "_deleted": false,
        "_createdAt": "2021-03-11T06:13:36.279Z",
        "_modifiedAt": "2021-03-11T06:13:36.279Z",
        "_lv": 0,
        "deploymentVersion": 1,
        "enabled": false,
        "backendId": "SJ8fSND7_",
        "modelId": "Attachment",
        "event": "function beforeDelete (event){\n /* Add Your Logic Here\t\n\t//apis.utility.logger.debug();\n\t*/\n}",
        "eventName": "beforeDelete",
        "_v": 1
    },
    {
        "_id": "H1imdzrEwXO",
        "_deleted": false,
        "_createdAt": "2021-03-11T06:13:36.304Z",
        "_modifiedAt": "2021-03-11T06:13:36.304Z",
        "_lv": 0,
        "deploymentVersion": 1,
        "enabled": false,
        "backendId": "SJ8fSND7_",
        "modelId": "Attachment",
        "event": "function beforeRead (event){\n /* Add Your Logic Here\t\n\t//apis.utility.logger.debug();\n\t*/\n}",
        "eventName": "beforeRead",
        "_v": 1
    },
    {
        "_id": "SygXufr4P7_",
        "_deleted": false,
        "_createdAt": "2021-03-11T06:13:36.283Z",
        "_modifiedAt": "2021-03-11T06:13:36.283Z",
        "_lv": 0,
        "deploymentVersion": 1,
        "enabled": false,
        "backendId": "SJ8fSND7_",
        "modelId": "Attachment",
        "event": "function beforeSave (event){\n /* Add Your Logic Here\t\n\t//apis.utility.logger.debug();\n\t*/\n}",
        "eventName": "beforeSave",
        "_v": 1
    },
    {
        "_id": "ryTfdMH4vmu",
        "_deleted": false,
        "_createdAt": "2021-03-11T06:13:36.281Z",
        "_modifiedAt": "2021-03-11T06:13:36.281Z",
        "_lv": 0,
        "deploymentVersion": 1,
        "enabled": false,
        "backendId": "SJ8fSND7_",
        "modelId": "Connection",
        "event": "function afterDelete (event){\n /* Add Your Logic Here\t\n\t//apis.utility.logger.debug();\n\t*/\n}",
        "eventName": "afterDelete",
        "_v": 1
    },
    {
        "_id": "B1_f_MBVv7O",
        "_deleted": false,
        "_createdAt": "2021-03-11T06:13:36.277Z",
        "_modifiedAt": "2021-03-11T06:13:36.277Z",
        "_lv": 0,
        "deploymentVersion": 1,
        "enabled": false,
        "backendId": "SJ8fSND7_",
        "modelId": "Connection",
        "event": "function afterRead (event){\n /* Add Your Logic Here\t\n\t//apis.utility.logger.debug();\n\t*/\n}",
        "eventName": "afterRead",
        "_v": 1
    },
    {
        "_id": "S177uGB4P7_",
        "_deleted": false,
        "_createdAt": "2021-03-11T06:13:36.285Z",
        "_modifiedAt": "2021-03-11T06:13:36.285Z",
        "_lv": 0,
        "deploymentVersion": 1,
        "enabled": false,
        "backendId": "SJ8fSND7_",
        "modelId": "Connection",
        "event": "function afterSave (event){\n /* Add Your Logic Here\t\n\t//apis.utility.logger.debug();\n\t*/\n}",
        "eventName": "afterSave",
        "_v": 1
    },
    {
        "_id": "HyJMufH4DQd",
        "_deleted": false,
        "_createdAt": "2021-03-11T06:13:36.269Z",
        "_modifiedAt": "2021-03-11T06:13:36.269Z",
        "_lv": 0,
        "deploymentVersion": 1,
        "enabled": false,
        "backendId": "SJ8fSND7_",
        "modelId": "Connection",
        "event": "function beforeDelete (event){\n /* Add Your Logic Here\t\n\t//apis.utility.logger.debug();\n\t*/\n}",
        "eventName": "beforeDelete",
        "_v": 1
    },
    {
        "_id": "HJGf_frNwmu",
        "_deleted": false,
        "_createdAt": "2021-03-11T06:13:36.270Z",
        "_modifiedAt": "2021-03-11T06:13:36.270Z",
        "_lv": 0,
        "deploymentVersion": 1,
        "enabled": false,
        "backendId": "SJ8fSND7_",
        "modelId": "Connection",
        "event": "function beforeRead (event){\n /* Add Your Logic Here\t\n\t//apis.utility.logger.debug();\n\t*/\n}",
        "eventName": "beforeRead",
        "_v": 1
    },
    {
        "_id": "BkwzOMBNwmu",
        "_deleted": false,
        "_createdAt": "2021-03-11T06:13:36.276Z",
        "_modifiedAt": "2021-03-11T06:13:36.276Z",
        "_lv": 0,
        "deploymentVersion": 1,
        "enabled": false,
        "backendId": "SJ8fSND7_",
        "modelId": "Connection",
        "event": "function beforeSave (event){\n /* Add Your Logic Here\t\n\t//apis.utility.logger.debug();\n\t*/\n}",
        "eventName": "beforeSave",
        "_v": 1
    },
    {
        "_id": "SkrY42i2Hu",
        "_deleted": false,
        "_createdAt": "2021-04-08T16:15:44.782Z",
        "_modifiedAt": "2021-04-08T16:15:44.782Z",
        "_lv": 0,
        "deploymentVersion": 2,
        "enabled": false,
        "backendId": "SJ8fSND7_",
        "modelId": "Offer",
        "event": "function afterDelete (event){\n /* Add Your Logic Here\t\n\t//apis.utility.logger.debug();\n\t*/\n}",
        "eventName": "afterDelete",
        "_v": 1
    },
    {
        "_id": "ry4tVhj2rO",
        "_deleted": false,
        "_createdAt": "2021-04-08T16:15:44.781Z",
        "_modifiedAt": "2021-04-08T16:15:44.781Z",
        "_lv": 0,
        "deploymentVersion": 2,
        "enabled": false,
        "backendId": "SJ8fSND7_",
        "modelId": "Offer",
        "event": "function afterRead (event){\n /* Add Your Logic Here\t\n\t//apis.utility.logger.debug();\n\t*/\n}",
        "eventName": "afterRead",
        "_v": 1
    },
    {
        "_id": "BylYE3i3H_",
        "_deleted": false,
        "_createdAt": "2021-04-08T16:15:44.772Z",
        "_modifiedAt": "2021-04-08T16:15:44.772Z",
        "_lv": 0,
        "deploymentVersion": 2,
        "enabled": false,
        "backendId": "SJ8fSND7_",
        "modelId": "Offer",
        "event": "function afterSave (event){\n /* Add Your Logic Here\t\n\t//apis.utility.logger.debug();\n\t*/\n}",
        "eventName": "afterSave",
        "_v": 1
    },
    {
        "_id": "SymtN3s2B_",
        "_deleted": false,
        "_createdAt": "2021-04-08T16:15:44.779Z",
        "_modifiedAt": "2021-04-08T16:15:44.779Z",
        "_lv": 0,
        "deploymentVersion": 2,
        "enabled": false,
        "backendId": "SJ8fSND7_",
        "modelId": "Offer",
        "event": "function beforeDelete (event){\n /* Add Your Logic Here\t\n\t//apis.utility.logger.debug();\n\t*/\n}",
        "eventName": "beforeDelete",
        "_v": 1
    },
    {
        "_id": "SkftN3ohBO",
        "_deleted": false,
        "_createdAt": "2021-04-08T16:15:44.779Z",
        "_modifiedAt": "2021-04-08T16:15:44.779Z",
        "_lv": 0,
        "deploymentVersion": 2,
        "enabled": false,
        "backendId": "SJ8fSND7_",
        "modelId": "Offer",
        "event": "function beforeRead (event){\n /* Add Your Logic Here\t\n\t//apis.utility.logger.debug();\n\t*/\n}",
        "eventName": "beforeRead",
        "_v": 1
    },
    {
        "_id": "BJWt42i2Sd",
        "_deleted": false,
        "_createdAt": "2021-04-08T16:15:44.778Z",
        "_modifiedAt": "2021-04-08T16:15:44.778Z",
        "_lv": 0,
        "deploymentVersion": 2,
        "enabled": false,
        "backendId": "SJ8fSND7_",
        "modelId": "Offer",
        "event": "function beforeSave (event){\n /* Add Your Logic Here\t\n\t//apis.utility.logger.debug();\n\t*/\n}",
        "eventName": "beforeSave",
        "_v": 1
    },
    {
        "_id": "Hy--dMH4v7u",
        "_deleted": false,
        "_createdAt": "2021-03-11T06:13:36.239Z",
        "_modifiedAt": "2021-03-11T06:13:36.239Z",
        "_lv": 0,
        "deploymentVersion": 1,
        "enabled": false,
        "backendId": "SJ8fSND7_",
        "modelId": "Organization",
        "event": "function afterDelete (event){\n /* Add Your Logic Here\t\n\t//apis.utility.logger.debug();\n\t*/\n}",
        "eventName": "afterDelete",
        "_v": 1
    },
    {
        "_id": "r1dgOGr4wXu",
        "_deleted": false,
        "_createdAt": "2021-03-11T06:13:36.235Z",
        "_modifiedAt": "2021-03-11T06:13:36.235Z",
        "_lv": 0,
        "deploymentVersion": 1,
        "enabled": false,
        "backendId": "SJ8fSND7_",
        "modelId": "Organization",
        "event": "function afterRead (event){\n /* Add Your Logic Here\t\n\t//apis.utility.logger.debug();\n\t*/\n}",
        "eventName": "afterRead",
        "_v": 1
    },
    {
        "_id": "rkTZ_GrEDQO",
        "_deleted": false,
        "_createdAt": "2021-03-11T06:13:36.245Z",
        "_modifiedAt": "2021-03-11T06:13:36.245Z",
        "_lv": 0,
        "deploymentVersion": 1,
        "enabled": false,
        "backendId": "SJ8fSND7_",
        "modelId": "Organization",
        "event": "function afterSave (event){\n /* Add Your Logic Here\t\n\t//apis.utility.logger.debug();\n\t*/\n}",
        "eventName": "afterSave",
        "_v": 1
    },
    {
        "_id": "Hk2guGrEPX_",
        "_deleted": false,
        "_createdAt": "2021-03-11T06:13:36.237Z",
        "_modifiedAt": "2021-03-11T06:13:36.237Z",
        "_lv": 0,
        "deploymentVersion": 1,
        "enabled": false,
        "backendId": "SJ8fSND7_",
        "modelId": "Organization",
        "event": "function beforeDelete (event){\n /* Add Your Logic Here\t\n\t//apis.utility.logger.debug();\n\t*/\n}",
        "eventName": "beforeDelete",
        "_v": 1
    },
    {
        "_id": "HJUWOzHNDQO",
        "_deleted": false,
        "_createdAt": "2021-03-11T06:13:36.241Z",
        "_modifiedAt": "2021-03-11T06:13:36.241Z",
        "_lv": 0,
        "deploymentVersion": 1,
        "enabled": false,
        "backendId": "SJ8fSND7_",
        "modelId": "Organization",
        "event": "function beforeRead (event){\n /* Add Your Logic Here\t\n\t//apis.utility.logger.debug();\n\t*/\n}",
        "eventName": "beforeRead",
        "_v": 1
    },
    {
        "_id": "HJwxufBEwmO",
        "_deleted": false,
        "_createdAt": "2021-03-11T06:13:36.234Z",
        "_modifiedAt": "2021-03-11T06:13:36.234Z",
        "_lv": 0,
        "deploymentVersion": 1,
        "enabled": false,
        "backendId": "SJ8fSND7_",
        "modelId": "Organization",
        "event": "function beforeSave (event){\n /* Add Your Logic Here\t\n\t//apis.utility.logger.debug();\n\t*/\n}",
        "eventName": "beforeSave",
        "_v": 1
    },
    {
        "_id": "SymMOfBEPXd",
        "_deleted": false,
        "_createdAt": "2021-03-11T06:13:36.271Z",
        "_modifiedAt": "2021-03-11T06:13:36.271Z",
        "_lv": 0,
        "deploymentVersion": 1,
        "enabled": false,
        "backendId": "SJ8fSND7_",
        "modelId": "OrganizationDomain",
        "event": "function afterDelete (event){\n /* Add Your Logic Here\t\n\t//apis.utility.logger.debug();\n\t*/\n}",
        "eventName": "afterDelete",
        "_v": 1
    },
    {
        "_id": "H1HXOMrVDQu",
        "_deleted": false,
        "_createdAt": "2021-03-11T06:13:36.285Z",
        "_modifiedAt": "2021-03-11T06:13:36.285Z",
        "_lv": 0,
        "deploymentVersion": 1,
        "enabled": false,
        "backendId": "SJ8fSND7_",
        "modelId": "OrganizationDomain",
        "event": "function afterRead (event){\n /* Add Your Logic Here\t\n\t//apis.utility.logger.debug();\n\t*/\n}",
        "eventName": "afterRead",
        "_v": 1
    },
    {
        "_id": "r1O7OfHVwmd",
        "_deleted": false,
        "_createdAt": "2021-03-11T06:13:36.303Z",
        "_modifiedAt": "2021-03-11T06:13:36.303Z",
        "_lv": 0,
        "deploymentVersion": 1,
        "enabled": false,
        "backendId": "SJ8fSND7_",
        "modelId": "OrganizationDomain",
        "event": "function afterSave (event){\n /* Add Your Logic Here\t\n\t//apis.utility.logger.debug();\n\t*/\n}",
        "eventName": "afterSave",
        "_v": 1
    },
    {
        "_id": "SyAMuzrNP7_",
        "_deleted": false,
        "_createdAt": "2021-03-11T06:13:36.282Z",
        "_modifiedAt": "2021-03-11T06:13:36.282Z",
        "_lv": 0,
        "deploymentVersion": 1,
        "enabled": false,
        "backendId": "SJ8fSND7_",
        "modelId": "OrganizationDomain",
        "event": "function beforeDelete (event){\n /* Add Your Logic Here\t\n\t//apis.utility.logger.debug();\n\t*/\n}",
        "eventName": "beforeDelete",
        "_v": 1
    },
    {
        "_id": "BktfOzHNP7_",
        "_deleted": false,
        "_createdAt": "2021-03-11T06:13:36.278Z",
        "_modifiedAt": "2021-03-11T06:13:36.278Z",
        "_lv": 0,
        "deploymentVersion": 1,
        "enabled": false,
        "backendId": "SJ8fSND7_",
        "modelId": "OrganizationDomain",
        "event": "function beforeRead (event){\n /* Add Your Logic Here\t\n\t//apis.utility.logger.debug();\n\t*/\n}",
        "eventName": "beforeRead",
        "_v": 1
    },
    {
        "_id": "r14QOGSEw7d",
        "_deleted": false,
        "_createdAt": "2021-03-11T06:13:36.285Z",
        "_modifiedAt": "2021-03-11T06:13:36.285Z",
        "_lv": 0,
        "deploymentVersion": 1,
        "enabled": false,
        "backendId": "SJ8fSND7_",
        "modelId": "OrganizationDomain",
        "event": "function beforeSave (event){\n /* Add Your Logic Here\t\n\t//apis.utility.logger.debug();\n\t*/\n}",
        "eventName": "beforeSave",
        "_v": 1
    },
    {
        "_id": "BJiguGrVvmd",
        "_deleted": false,
        "_createdAt": "2021-03-11T06:13:36.237Z",
        "_modifiedAt": "2021-03-11T06:13:36.237Z",
        "_lv": 0,
        "deploymentVersion": 1,
        "enabled": false,
        "backendId": "SJ8fSND7_",
        "modelId": "Rule",
        "event": "function afterDelete (event){\n /* Add Your Logic Here\t\n\t//apis.utility.logger.debug();\n\t*/\n}",
        "eventName": "afterDelete",
        "_v": 1
    },
    {
        "_id": "BkSbdzrVvQu",
        "_deleted": false,
        "_createdAt": "2021-03-11T06:13:36.241Z",
        "_modifiedAt": "2021-03-11T06:13:36.241Z",
        "_lv": 0,
        "deploymentVersion": 1,
        "enabled": false,
        "backendId": "SJ8fSND7_",
        "modelId": "Rule",
        "event": "function afterRead (event){\n /* Add Your Logic Here\t\n\t//apis.utility.logger.debug();\n\t*/\n}",
        "eventName": "afterRead",
        "_v": 1
    },
    {
        "_id": "rJUxOMBVv7_",
        "_deleted": false,
        "_createdAt": "2021-03-11T06:13:36.234Z",
        "_modifiedAt": "2021-03-11T06:13:36.234Z",
        "_lv": 0,
        "deploymentVersion": 1,
        "enabled": false,
        "backendId": "SJ8fSND7_",
        "modelId": "Rule",
        "event": "function afterSave (event){\n /* Add Your Logic Here\t\n\t//apis.utility.logger.debug();\n\t*/\n}",
        "eventName": "afterSave",
        "_v": 1
    },
    {
        "_id": "r13WOGrVDmu",
        "_deleted": false,
        "_createdAt": "2021-03-11T06:13:36.244Z",
        "_modifiedAt": "2021-03-11T06:13:36.244Z",
        "_lv": 0,
        "deploymentVersion": 1,
        "enabled": false,
        "backendId": "SJ8fSND7_",
        "modelId": "Rule",
        "event": "function beforeDelete (event){\n /* Add Your Logic Here\t\n\t//apis.utility.logger.debug();\n\t*/\n}",
        "eventName": "beforeDelete",
        "_v": 1
    },
    {
        "_id": "rke-uMSVw7d",
        "_deleted": false,
        "_createdAt": "2021-03-11T06:13:36.239Z",
        "_modifiedAt": "2021-03-11T06:13:36.239Z",
        "_lv": 0,
        "deploymentVersion": 1,
        "enabled": false,
        "backendId": "SJ8fSND7_",
        "modelId": "Rule",
        "event": "function beforeRead (event){\n /* Add Your Logic Here\t\n\t//apis.utility.logger.debug();\n\t*/\n}",
        "eventName": "beforeRead",
        "_v": 1
    },
    {
        "_id": "ry4-dMBEvm_",
        "_deleted": false,
        "_createdAt": "2021-03-11T06:13:36.240Z",
        "_modifiedAt": "2021-03-11T06:13:36.240Z",
        "_lv": 0,
        "deploymentVersion": 1,
        "enabled": false,
        "backendId": "SJ8fSND7_",
        "modelId": "Rule",
        "event": "function beforeSave (event){\n /* Add Your Logic Here\t\n\t//apis.utility.logger.debug();\n\t*/\n}",
        "eventName": "beforeSave",
        "_v": 1
    },
    {
        "_id": "SJcf_GBEwQO",
        "_deleted": false,
        "_createdAt": "2021-03-11T06:13:36.278Z",
        "_modifiedAt": "2021-03-11T06:13:36.278Z",
        "_lv": 0,
        "deploymentVersion": 1,
        "enabled": false,
        "backendId": "SJ8fSND7_",
        "modelId": "User",
        "event": "function afterDelete (event){\n /* Add Your Logic Here\t\n\t//apis.utility.logger.debug();\n\t*/\n}",
        "eventName": "afterDelete",
        "_v": 1
    },
    {
        "_id": "B19QOMBNvmu",
        "_deleted": false,
        "_createdAt": "2021-03-11T06:13:36.303Z",
        "_modifiedAt": "2021-03-11T06:13:36.303Z",
        "_lv": 0,
        "deploymentVersion": 1,
        "enabled": false,
        "backendId": "SJ8fSND7_",
        "modelId": "User",
        "event": "function afterRead (event){\n /* Add Your Logic Here\t\n\t//apis.utility.logger.debug();\n\t*/\n}",
        "eventName": "afterRead",
        "_v": 1
    },
    {
        "_id": "S1kXuMB4vXO",
        "_deleted": false,
        "_createdAt": "2021-03-11T06:13:36.282Z",
        "_modifiedAt": "2021-03-11T06:13:36.282Z",
        "_lv": 0,
        "deploymentVersion": 1,
        "enabled": false,
        "backendId": "SJ8fSND7_",
        "modelId": "User",
        "event": "function afterSave (event){\n /* Add Your Logic Here\t\n\t//apis.utility.logger.debug();\n\t*/\n}",
        "eventName": "afterSave",
        "_v": 1
    },
    {
        "_id": "HyEGdfHNw7_",
        "_deleted": false,
        "_createdAt": "2021-03-11T06:13:36.271Z",
        "_modifiedAt": "2021-03-11T06:13:36.271Z",
        "_lv": 0,
        "deploymentVersion": 1,
        "enabled": false,
        "backendId": "SJ8fSND7_",
        "modelId": "User",
        "event": "function beforeDelete (event){\n /* Add Your Logic Here\t\n\t//apis.utility.logger.debug();\n\t*/\n}",
        "eventName": "beforeDelete",
        "_v": 1
    },
    {
        "_id": "rkUmdfHVDX_",
        "_deleted": false,
        "_createdAt": "2021-03-11T06:13:36.286Z",
        "_modifiedAt": "2021-03-11T06:13:36.286Z",
        "_lv": 0,
        "deploymentVersion": 1,
        "enabled": false,
        "backendId": "SJ8fSND7_",
        "modelId": "User",
        "event": "function beforeRead (event){\n /* Add Your Logic Here\t\n\t//apis.utility.logger.debug();\n\t*/\n}",
        "eventName": "beforeRead",
        "_v": 1
    },
    {
        "_id": "BJt7_fB4vQu",
        "_deleted": false,
        "_createdAt": "2021-03-11T06:13:36.303Z",
        "_modifiedAt": "2021-03-11T06:13:36.303Z",
        "_lv": 0,
        "deploymentVersion": 1,
        "enabled": false,
        "backendId": "SJ8fSND7_",
        "modelId": "User",
        "event": "function beforeSave (event){\n /* Add Your Logic Here\t\n\t//apis.utility.logger.debug();\n\t*/\n}",
        "eventName": "beforeSave",
        "_v": 1
    },
    {
        "_id": "SJExuzBEwXO",
        "_deleted": false,
        "_createdAt": "2021-03-11T06:13:36.233Z",
        "_modifiedAt": "2021-03-11T06:13:36.233Z",
        "_lv": 0,
        "deploymentVersion": 1,
        "enabled": false,
        "backendId": "SJ8fSND7_",
        "modelId": "Workflow",
        "event": "function afterDelete (event){\n /* Add Your Logic Here\t\n\t//apis.utility.logger.debug();\n\t*/\n}",
        "eventName": "afterDelete",
        "_v": 1
    },
    {
        "_id": "H1Ye_fHVD7O",
        "_deleted": false,
        "_createdAt": "2021-03-11T06:13:36.235Z",
        "_modifiedAt": "2021-03-11T06:13:36.235Z",
        "_lv": 0,
        "deploymentVersion": 1,
        "enabled": false,
        "backendId": "SJ8fSND7_",
        "modelId": "Workflow",
        "event": "function afterRead (event){\n /* Add Your Logic Here\t\n\t//apis.utility.logger.debug();\n\t*/\n}",
        "eventName": "afterRead",
        "_v": 1
    },
    {
        "_id": "HJTeuGHVPXO",
        "_deleted": false,
        "_createdAt": "2021-03-11T06:13:36.237Z",
        "_modifiedAt": "2021-03-11T06:13:36.237Z",
        "_lv": 0,
        "deploymentVersion": 1,
        "enabled": false,
        "backendId": "SJ8fSND7_",
        "modelId": "Workflow",
        "event": "function afterSave (event){\n /* Add Your Logic Here\t\n\t//apis.utility.logger.debug();\n\t*/\n}",
        "eventName": "afterSave",
        "_v": 1
    },
    {
        "_id": "HJG-_fSVP7_",
        "_deleted": false,
        "_createdAt": "2021-03-11T06:13:36.239Z",
        "_modifiedAt": "2021-03-11T06:13:36.239Z",
        "_lv": 0,
        "deploymentVersion": 1,
        "enabled": false,
        "backendId": "SJ8fSND7_",
        "modelId": "Workflow",
        "event": "function beforeDelete (event){\n /* Add Your Logic Here\t\n\t//apis.utility.logger.debug();\n\t*/\n}",
        "eventName": "beforeDelete",
        "_v": 1
    },
    {
        "_id": "H1cZ_fHNvX_",
        "_deleted": false,
        "_createdAt": "2021-03-11T06:13:36.243Z",
        "_modifiedAt": "2021-03-11T06:13:36.243Z",
        "_lv": 0,
        "deploymentVersion": 1,
        "enabled": false,
        "backendId": "SJ8fSND7_",
        "modelId": "Workflow",
        "event": "function beforeRead (event){\n /* Add Your Logic Here\t\n\t//apis.utility.logger.debug();\n\t*/\n}",
        "eventName": "beforeRead",
        "_v": 1
    },
    {
        "_id": "rJCOMHVwXd",
        "_deleted": false,
        "_createdAt": "2021-03-11T06:13:36.223Z",
        "_modifiedAt": "2021-03-11T06:13:36.223Z",
        "_lv": 0,
        "deploymentVersion": 1,
        "enabled": false,
        "backendId": "SJ8fSND7_",
        "modelId": "Workflow",
        "event": "function beforeSave (event){\n /* Add Your Logic Here\t\n\t//apis.utility.logger.debug();\n\t*/\n}",
        "eventName": "beforeSave",
        "_v": 1
    },
    {
        "_id": "BJQ_2usprO",
        "_deleted": true,
        "_createdAt": "2021-04-09T10:13:03.949Z",
        "_modifiedAt": "2021-04-09T10:13:03.949Z",
        "_lv": 0,
        "deploymentVersion": 8,
        "enabled": false,
        "backendId": "SJ8fSND7_",
        "modelId": "cvdf",
        "event": "function afterDelete (event){\n /* Add Your Logic Here\t\n\t//apis.utility.logger.debug();\n\t*/\n}",
        "eventName": "afterDelete",
        "_v": 1
    },
    {
        "_id": "ByI_2_spHu",
        "_deleted": true,
        "_createdAt": "2021-04-09T10:13:03.953Z",
        "_modifiedAt": "2021-04-09T10:13:03.953Z",
        "_lv": 0,
        "deploymentVersion": 8,
        "enabled": false,
        "backendId": "SJ8fSND7_",
        "modelId": "cvdf",
        "event": "function afterRead (event){\n /* Add Your Logic Here\t\n\t//apis.utility.logger.debug();\n\t*/\n}",
        "eventName": "afterRead",
        "_v": 1
    },
    {
        "_id": "rJVu2usaBO",
        "_deleted": true,
        "_createdAt": "2021-04-09T10:13:03.953Z",
        "_modifiedAt": "2021-04-09T10:13:03.953Z",
        "_lv": 0,
        "deploymentVersion": 8,
        "enabled": false,
        "backendId": "SJ8fSND7_",
        "modelId": "cvdf",
        "event": "function afterSave (event){\n /* Add Your Logic Here\t\n\t//apis.utility.logger.debug();\n\t*/\n}",
        "eventName": "afterSave",
        "_v": 1
    },
    {
        "_id": "BkS_2_i6Su",
        "_deleted": true,
        "_createdAt": "2021-04-09T10:13:03.953Z",
        "_modifiedAt": "2021-04-09T10:13:03.953Z",
        "_lv": 0,
        "deploymentVersion": 8,
        "enabled": false,
        "backendId": "SJ8fSND7_",
        "modelId": "cvdf",
        "event": "function beforeDelete (event){\n /* Add Your Logic Here\t\n\t//apis.utility.logger.debug();\n\t*/\n}",
        "eventName": "beforeDelete",
        "_v": 1
    },
    {
        "_id": "H1-u2ujaSO",
        "_deleted": true,
        "_createdAt": "2021-04-09T10:13:03.946Z",
        "_modifiedAt": "2021-04-09T10:13:03.946Z",
        "_lv": 0,
        "deploymentVersion": 8,
        "enabled": true,
        "backendId": "SJ8fSND7_",
        "modelId": "cvdf",
        "event": "function beforeRead (event){\n /* Add Your Logic Here\t\n\t//apis.utility.logger.debug();\n\t*/\n\tlogger.event\n\t\n}",
        "eventName": "beforeRead",
        "_v": 2
    },
    {
        "_id": "B1zd3uopB_",
        "_deleted": true,
        "_createdAt": "2021-04-09T10:13:03.947Z",
        "_modifiedAt": "2021-04-09T10:13:03.947Z",
        "_lv": 0,
        "deploymentVersion": 8,
        "enabled": false,
        "backendId": "SJ8fSND7_",
        "modelId": "cvdf",
        "event": "function beforeSave (event){\n /* Add Your Logic Here\t\n\t//apis.utility.logger.debug();\n\t*/\n}",
        "eventName": "beforeSave",
        "_v": 1
    },
    {
        "_id": "H1fg_zHEPXO",
        "_deleted": false,
        "_createdAt": "2021-03-11T06:13:36.226Z",
        "_modifiedAt": "2021-03-11T06:13:36.226Z",
        "_lv": 0,
        "deploymentVersion": 1,
        "enabled": false,
        "backendId": "SJ8fSND7_",
        "modelId": "jobDetail",
        "event": "function afterDelete (event){\n /* Add Your Logic Here\t\n\t//apis.utility.logger.debug();\n\t*/\n}",
        "eventName": "afterDelete",
        "_v": 1
    },
    {
        "_id": "BktZOGSNwXO",
        "_deleted": false,
        "_createdAt": "2021-03-11T06:13:36.243Z",
        "_modifiedAt": "2021-03-11T06:13:36.243Z",
        "_lv": 0,
        "deploymentVersion": 1,
        "enabled": false,
        "backendId": "SJ8fSND7_",
        "modelId": "jobDetail",
        "event": "function afterRead (event){\n /* Add Your Logic Here\t\n\t//apis.utility.logger.debug();\n\t*/\n}",
        "eventName": "afterRead",
        "_v": 1
    },
    {
        "_id": "H1TuzB4Pmd",
        "_deleted": false,
        "_createdAt": "2021-03-11T06:13:36.222Z",
        "_modifiedAt": "2021-03-11T06:13:36.222Z",
        "_lv": 0,
        "deploymentVersion": 1,
        "enabled": false,
        "backendId": "SJ8fSND7_",
        "modelId": "jobDetail",
        "event": "function afterSave (event){\n /* Add Your Logic Here\t\n\t//apis.utility.logger.debug();\n\t*/\n}",
        "eventName": "afterSave",
        "_v": 1
    },
    {
        "_id": "SJlxuGH4PQd",
        "_deleted": false,
        "_createdAt": "2021-03-11T06:13:36.224Z",
        "_modifiedAt": "2021-03-11T06:13:36.224Z",
        "_lv": 0,
        "deploymentVersion": 1,
        "enabled": false,
        "backendId": "SJ8fSND7_",
        "modelId": "jobDetail",
        "event": "function beforeDelete (event){\n /* Add Your Logic Here\t\n\t//apis.utility.logger.debug();\n\t*/\n}",
        "eventName": "beforeDelete",
        "_v": 1
    },
    {
        "_id": "HyQedMS4wX_",
        "_deleted": false,
        "_createdAt": "2021-03-11T06:13:36.233Z",
        "_modifiedAt": "2021-03-11T06:13:36.233Z",
        "_lv": 0,
        "deploymentVersion": 1,
        "enabled": false,
        "backendId": "SJ8fSND7_",
        "modelId": "jobDetail",
        "event": "function beforeRead (event){\n /* Add Your Logic Here\t\n\t//apis.utility.logger.debug();\n\t*/\n}",
        "eventName": "beforeRead",
        "_v": 1
    },
    {
        "_id": "HJuZOMS4PXd",
        "_deleted": false,
        "_createdAt": "2021-03-11T06:13:36.242Z",
        "_modifiedAt": "2021-03-11T06:13:36.242Z",
        "_lv": 0,
        "deploymentVersion": 1,
        "enabled": false,
        "backendId": "SJ8fSND7_",
        "modelId": "jobDetail",
        "event": "function beforeSave (event){\n /* Add Your Logic Here\t\n\t//apis.utility.logger.debug();\n\t*/\n}",
        "eventName": "beforeSave",
        "_v": 1
    },
    {
        "_id": "HJA-dGS4DXd",
        "_deleted": false,
        "_createdAt": "2021-03-11T06:13:36.269Z",
        "_modifiedAt": "2021-03-11T06:13:36.269Z",
        "_lv": 0,
        "deploymentVersion": 1,
        "enabled": false,
        "backendId": "SJ8fSND7_",
        "modelId": "mapping",
        "event": "function afterDelete (event){\n /* Add Your Logic Here\t\n\t//apis.utility.logger.debug();\n\t*/\n}",
        "eventName": "afterDelete",
        "_v": 1
    },
    {
        "_id": "Hk-z_zrNDQ_",
        "_deleted": false,
        "_createdAt": "2021-03-11T06:13:36.270Z",
        "_modifiedAt": "2021-03-11T06:13:36.270Z",
        "_lv": 0,
        "deploymentVersion": 1,
        "enabled": false,
        "backendId": "SJ8fSND7_",
        "modelId": "mapping",
        "event": "function afterRead (event){\n /* Add Your Logic Here\t\n\t//apis.utility.logger.debug();\n\t*/\n}",
        "eventName": "afterRead",
        "_v": 1
    },
    {
        "_id": "B1LMdGBVvX_",
        "_deleted": false,
        "_createdAt": "2021-03-11T06:13:36.275Z",
        "_modifiedAt": "2021-03-11T06:13:36.275Z",
        "_lv": 0,
        "deploymentVersion": 1,
        "enabled": false,
        "backendId": "SJ8fSND7_",
        "modelId": "mapping",
        "event": "function afterSave (event){\n /* Add Your Logic Here\t\n\t//apis.utility.logger.debug();\n\t*/\n}",
        "eventName": "afterSave",
        "_v": 1
    },
    {
        "_id": "HkzQdzrVDX_",
        "_deleted": false,
        "_createdAt": "2021-03-11T06:13:36.284Z",
        "_modifiedAt": "2021-03-11T06:13:36.284Z",
        "_lv": 0,
        "deploymentVersion": 1,
        "enabled": false,
        "backendId": "SJ8fSND7_",
        "modelId": "mapping",
        "event": "function beforeDelete (event){\n /* Add Your Logic Here\t\n\t//apis.utility.logger.debug();\n\t*/\n}",
        "eventName": "beforeDelete",
        "_v": 1
    },
    {
        "_id": "S12MOGBNwXd",
        "_deleted": false,
        "_createdAt": "2021-03-11T06:13:36.280Z",
        "_modifiedAt": "2021-03-11T06:13:36.280Z",
        "_lv": 0,
        "deploymentVersion": 1,
        "enabled": false,
        "backendId": "SJ8fSND7_",
        "modelId": "mapping",
        "event": "function beforeRead (event){\n /* Add Your Logic Here\t\n\t//apis.utility.logger.debug();\n\t*/\n}",
        "eventName": "beforeRead",
        "_v": 1
    },
    {
        "_id": "HkefdfrEP7d",
        "_deleted": false,
        "_createdAt": "2021-03-11T06:13:36.270Z",
        "_modifiedAt": "2021-03-11T06:13:36.270Z",
        "_lv": 0,
        "deploymentVersion": 1,
        "enabled": false,
        "backendId": "SJ8fSND7_",
        "modelId": "mapping",
        "event": "function beforeSave (event){\n /* Add Your Logic Here\t\n\t//apis.utility.logger.debug();\n\t*/\n}",
        "eventName": "beforeSave",
        "_v": 1
    },
    {
        "_id": "rJZgSJ3TrO",
        "_deleted": false,
        "_createdAt": "2021-04-09T10:40:55.599Z",
        "_modifiedAt": "2021-04-09T10:40:55.599Z",
        "_lv": 0,
        "deploymentVersion": 11,
        "enabled": false,
        "backendId": "SJ8fSND7_",
        "modelId": "nbv",
        "event": "function afterDelete (event){\n /* Add Your Logic Here\t\n\t//apis.utility.logger.debug();\n\t*/\n}",
        "eventName": "afterDelete",
        "_v": 1
    },
    {
        "_id": "S1rlSyhaBu",
        "_deleted": false,
        "_createdAt": "2021-04-09T10:40:55.604Z",
        "_modifiedAt": "2021-04-09T10:40:55.604Z",
        "_lv": 0,
        "deploymentVersion": 11,
        "enabled": false,
        "backendId": "SJ8fSND7_",
        "modelId": "nbv",
        "event": "function afterRead (event){\n /* Add Your Logic Here\t\n\t//apis.utility.logger.debug();\n\t*/\n}",
        "eventName": "afterRead",
        "_v": 1
    },
    {
        "_id": "rymlBJhTrd",
        "_deleted": false,
        "_createdAt": "2021-04-09T10:40:55.599Z",
        "_modifiedAt": "2021-04-09T10:40:55.599Z",
        "_lv": 0,
        "deploymentVersion": 11,
        "enabled": false,
        "backendId": "SJ8fSND7_",
        "modelId": "nbv",
        "event": "function afterSave (event){\n /* Add Your Logic Here\t\n\t//apis.utility.logger.debug();\n\t*/\n}",
        "eventName": "afterSave",
        "_v": 1
    },
    {
        "_id": "Hk4gHkhard",
        "_deleted": false,
        "_createdAt": "2021-04-09T10:40:55.603Z",
        "_modifiedAt": "2021-04-09T10:40:55.603Z",
        "_lv": 0,
        "deploymentVersion": 11,
        "enabled": false,
        "backendId": "SJ8fSND7_",
        "modelId": "nbv",
        "event": "function beforeDelete (event){\n /* Add Your Logic Here\t\n\t//apis.utility.logger.debug();\n\t*/\n}",
        "eventName": "beforeDelete",
        "_v": 1
    },
    {
        "_id": "r1lgrJ3THu",
        "_deleted": false,
        "_createdAt": "2021-04-09T10:40:55.598Z",
        "_modifiedAt": "2021-04-09T10:40:55.598Z",
        "_lv": 0,
        "deploymentVersion": 11,
        "enabled": false,
        "backendId": "SJ8fSND7_",
        "modelId": "nbv",
        "event": "function beforeRead (event){\n /* Add Your Logic Here\t\n\t//apis.utility.logger.debug();\n\t*/\n}",
        "eventName": "beforeRead",
        "_v": 1
    },
    {
        "_id": "BkGeHkhTHO",
        "_deleted": false,
        "_createdAt": "2021-04-09T10:40:55.599Z",
        "_modifiedAt": "2021-04-09T10:40:55.599Z",
        "_lv": 0,
        "deploymentVersion": 11,
        "enabled": false,
        "backendId": "SJ8fSND7_",
        "modelId": "nbv",
        "event": "function beforeSave (event){\n /* Add Your Logic Here\t\n\t//apis.utility.logger.debug();\n\t*/\n}",
        "eventName": "beforeSave",
        "_v": 1
    },
    {
        "_id": "Syj-uMBEvXd",
        "_deleted": false,
        "_createdAt": "2021-03-11T06:13:36.244Z",
        "_modifiedAt": "2021-03-11T06:13:36.244Z",
        "_lv": 0,
        "deploymentVersion": 1,
        "enabled": false,
        "backendId": "SJ8fSND7_",
        "modelId": "s3ObjectRoleMapping",
        "event": "function afterDelete (event){\n /* Add Your Logic Here\t\n\t//apis.utility.logger.debug();\n\t*/\n}",
        "eventName": "afterDelete",
        "_v": 1
    },
    {
        "_id": "SyJ-OzHEP7d",
        "_deleted": false,
        "_createdAt": "2021-03-11T06:13:36.238Z",
        "_modifiedAt": "2021-03-11T06:13:36.238Z",
        "_lv": 0,
        "deploymentVersion": 1,
        "enabled": false,
        "backendId": "SJ8fSND7_",
        "modelId": "s3ObjectRoleMapping",
        "event": "function afterRead (event){\n /* Add Your Logic Here\t\n\t//apis.utility.logger.debug();\n\t*/\n}",
        "eventName": "afterRead",
        "_v": 1
    },
    {
        "_id": "SkQbuzS4v7_",
        "_deleted": false,
        "_createdAt": "2021-03-11T06:13:36.240Z",
        "_modifiedAt": "2021-03-11T06:13:36.240Z",
        "_lv": 0,
        "deploymentVersion": 1,
        "enabled": false,
        "backendId": "SJ8fSND7_",
        "modelId": "s3ObjectRoleMapping",
        "event": "function afterSave (event){\n /* Add Your Logic Here\t\n\t//apis.utility.logger.debug();\n\t*/\n}",
        "eventName": "afterSave",
        "_v": 1
    },
    {
        "_id": "rkSedzB4PmO",
        "_deleted": false,
        "_createdAt": "2021-03-11T06:13:36.234Z",
        "_modifiedAt": "2021-03-11T06:13:36.234Z",
        "_lv": 0,
        "deploymentVersion": 1,
        "enabled": false,
        "backendId": "SJ8fSND7_",
        "modelId": "s3ObjectRoleMapping",
        "event": "function beforeDelete (event){\n /* Add Your Logic Here\t\n\t//apis.utility.logger.debug();\n\t*/\n}",
        "eventName": "beforeDelete",
        "_v": 1
    },
    {
        "_id": "rJcldfSVDmd",
        "_deleted": false,
        "_createdAt": "2021-03-11T06:13:36.236Z",
        "_modifiedAt": "2021-03-11T06:13:36.236Z",
        "_lv": 0,
        "deploymentVersion": 1,
        "enabled": false,
        "backendId": "SJ8fSND7_",
        "modelId": "s3ObjectRoleMapping",
        "event": "function beforeRead (event){\n /* Add Your Logic Here\t\n\t//apis.utility.logger.debug();\n\t*/\n}",
        "eventName": "beforeRead",
        "_v": 1
    },
    {
        "_id": "B1RlOzBNDQu",
        "_deleted": false,
        "_createdAt": "2021-03-11T06:13:36.238Z",
        "_modifiedAt": "2021-03-11T06:13:36.238Z",
        "_lv": 0,
        "deploymentVersion": 1,
        "enabled": false,
        "backendId": "SJ8fSND7_",
        "modelId": "s3ObjectRoleMapping",
        "event": "function beforeSave (event){\n /* Add Your Logic Here\t\n\t//apis.utility.logger.debug();\n\t*/\n}",
        "eventName": "beforeSave",
        "_v": 1
    },
    {
        "_id": "r1z5zy3THd",
        "_deleted": false,
        "_createdAt": "2021-04-09T10:40:18.165Z",
        "_modifiedAt": "2021-04-09T10:40:18.165Z",
        "_lv": 0,
        "deploymentVersion": 11,
        "enabled": false,
        "backendId": "SJ8fSND7_",
        "modelId": "testbfdv",
        "event": "function afterDelete (event){\n /* Add Your Logic Here\t\n\t//apis.utility.logger.debug();\n\t*/\n}",
        "eventName": "afterDelete",
        "_v": 1
    },
    {
        "_id": "SkIqzk26Bu",
        "_deleted": false,
        "_createdAt": "2021-04-09T10:40:18.171Z",
        "_modifiedAt": "2021-04-09T10:40:18.171Z",
        "_lv": 0,
        "deploymentVersion": 11,
        "enabled": false,
        "backendId": "SJ8fSND7_",
        "modelId": "testbfdv",
        "event": "function afterRead (event){\n /* Add Your Logic Here\t\n\t//apis.utility.logger.debug();\n\t*/\n}",
        "eventName": "afterRead",
        "_v": 1
    },
    {
        "_id": "ryBcfJn6rO",
        "_deleted": false,
        "_createdAt": "2021-04-09T10:40:18.168Z",
        "_modifiedAt": "2021-04-09T10:40:18.168Z",
        "_lv": 0,
        "deploymentVersion": 11,
        "enabled": false,
        "backendId": "SJ8fSND7_",
        "modelId": "testbfdv",
        "event": "function afterSave (event){\n /* Add Your Logic Here\t\n\t//apis.utility.logger.debug();\n\t*/\n}",
        "eventName": "afterSave",
        "_v": 1
    },
    {
        "_id": "By45Gy2TBu",
        "_deleted": false,
        "_createdAt": "2021-04-09T10:40:18.167Z",
        "_modifiedAt": "2021-04-09T10:40:18.167Z",
        "_lv": 0,
        "deploymentVersion": 11,
        "enabled": false,
        "backendId": "SJ8fSND7_",
        "modelId": "testbfdv",
        "event": "function beforeDelete (event){\n /* Add Your Logic Here\t\n\t//apis.utility.logger.debug();\n\t*/\n}",
        "eventName": "beforeDelete",
        "_v": 1
    },
    {
        "_id": "B1W5Mk2ar_",
        "_deleted": false,
        "_createdAt": "2021-04-09T10:40:18.164Z",
        "_modifiedAt": "2021-04-09T10:40:18.164Z",
        "_lv": 0,
        "deploymentVersion": 11,
        "enabled": false,
        "backendId": "SJ8fSND7_",
        "modelId": "testbfdv",
        "event": "function beforeRead (event){\n /* Add Your Logic Here\t\n\t//apis.utility.logger.debug();\n\t*/\n}",
        "eventName": "beforeRead",
        "_v": 1
    },
    {
        "_id": "SkXcGk2prd",
        "_deleted": false,
        "_createdAt": "2021-04-09T10:40:18.167Z",
        "_modifiedAt": "2021-04-09T10:40:18.167Z",
        "_lv": 0,
        "deploymentVersion": 11,
        "enabled": false,
        "backendId": "SJ8fSND7_",
        "modelId": "testbfdv",
        "event": "function beforeSave (event){\n /* Add Your Logic Here\t\n\t//apis.utility.logger.debug();\n\t*/\n}",
        "eventName": "beforeSave",
        "_v": 1
    }
]