{
    "resources": [
        "relations",
        "working",
        "events"
    ],
    "oldBackendRecord": {
        "_id": "SJ8fSND7_",
        "name": "moccasinsole",
        "description": "",
        "uniquename": "moccasinsole",
        "appId": "bitpod",
        "cors": {
            "maxAge": 86400,
            "credentials": true,
            "origin": true
        },
        "routes": [
            {
                "value": "/index.html",
                "key": "*"
            }
        ],
        "status": 235,
        "_createdBy": "adarshkumar@bitpod.io",
        "_createdAt": "2021-03-11T06:13:33.793Z",
        "_updatedBy": "adarshkumar@bitpod.io",
        "schemaversion": "2.0",
        "maintenance": {
            "ETA": 0,
            "reason": 0,
            "active": false
        },
        "database": {
            "name": "bitpod_moccasinsole_nkenb",
            "password": "ai2a3",
            "username": "739y7"
        },
        "instance": {
            "deploymentJson": {
                "endPoints": {
                    "mongodb": {
                        "subsets": [
                            {
                                "ports": [
                                    {
                                        "protocol": "TCP",
                                        "port": 27017
                                    }
                                ],
                                "addresses": [
                                    {
                                        "ip": ""
                                    }
                                ]
                            }
                        ],
                        "metadata": {
                            "name": "mongodb"
                        },
                        "apiVersion": "v1",
                        "kind": "Endpoints"
                    }
                },
                "sfs": {
                    "nginx": {
                        "spec": {
                            "template": {
                                "spec": {
                                    "containers": [
                                        {
                                            "ports": [
                                                {
                                                    "containerPort": 8085,
                                                    "name": "web"
                                                }
                                            ],
                                            "image": "bitpod/dev-instanceproxy:fix_5238-211e0c5f",
                                            "name": "nginx"
                                        }
                                    ]
                                },
                                "metadata": {
                                    "labels": {
                                        "tier": "proxy",
                                        "app": "backend"
                                    }
                                }
                            },
                            "replicas": 1,
                            "serviceName": "nginx"
                        },
                        "metadata": {
                            "name": "nginx",
                            "namespace": "dev-bitpod-moccasinsole"
                        },
                        "kind": "StatefulSet",
                        "apiVersion": "apps/v1beta1"
                    },
                    "bm": {
                        "spec": {
                            "template": {
                                "spec": {
                                    "volumes": [
                                        {
                                            "name": "code"
                                        },
                                        {
                                            "name": "download"
                                        }
                                    ],
                                    "containers": [
                                        {
                                            "readinessProbe": {
                                                "periodSeconds": 5,
                                                "initialDelaySeconds": 5,
                                                "httpGet": {
                                                    "port": 3001,
                                                    "path": "/healthz/"
                                                }
                                            },
                                            "volumeMounts": [
                                                {
                                                    "mountPath": "/var/code",
                                                    "name": "code"
                                                },
                                                {
                                                    "mountPath": "/var/download",
                                                    "name": "download"
                                                }
                                            ],
                                            "ports": [
                                                {
                                                    "containerPort": 3001,
                                                    "name": "web"
                                                }
                                            ],
                                            "env": [
                                                {
                                                    "value": "/var/download",
                                                    "name": "DOWNLOAD_PATH"
                                                },
                                                {
                                                    "value": "https://outlook.office.com/webhook/28b98568-d712-43b0-acab-dc662d48af10@6afcd346-7cb2-46db-897d-c639dbdf0449/IncomingWebhook/04e0ec50319d44c883b86e0f0f7f8d7f/3c5aff45-eca1-4c5b-bec5-6e3876b0c31b",
                                                    "name": "WEBHOOK_URL"
                                                },
                                                {
                                                    "value": "https://outlook.office.com/webhook/28b98568-d712-43b0-acab-dc662d48af10@6afcd346-7cb2-46db-897d-c639dbdf0449/IncomingWebhook/5d616aff7a164791aa8a30adc42ea48e/3c5aff45-eca1-4c5b-bec5-6e3876b0c31b",
                                                    "name": "WEBHOOK_ERRORS_URL"
                                                },
                                                {
                                                    "value": "739y7",
                                                    "name": "MONGO_USER"
                                                },
                                                {
                                                    "value": "ai2a3",
                                                    "name": "MONGO_PASSWORD"
                                                },
                                                {
                                                    "value": "bitpod_moccasinsole_nkenb",
                                                    "name": "MONGO_DATABASE"
                                                },
                                                {
                                                    "valueFrom": {
                                                        "fieldRef": {
                                                            "fieldPath": "metadata.namespace"
                                                        }
                                                    },
                                                    "name": "POD_NAMESPACE"
                                                },
                                                {
                                                    "value": "bm",
                                                    "name": "TIER"
                                                }
                                            ],
                                            "image": "bitpod/dev-baasinstance:hfix_5248-5e2a6f7c",
                                            "name": "bm"
                                        }
                                    ]
                                },
                                "metadata": {
                                    "labels": {
                                        "tier": "bm",
                                        "app": "backend"
                                    }
                                }
                            },
                            "replicas": 1,
                            "serviceName": "bm"
                        },
                        "metadata": {
                            "name": "bm",
                            "namespace": "dev-bitpod-moccasinsole"
                        },
                        "kind": "StatefulSet",
                        "apiVersion": "apps/v1beta1"
                    },
                    "engine": {
                        "spec": {
                            "template": {
                                "spec": {
                                    "volumes": [
                                        {
                                            "name": "code"
                                        },
                                        {
                                            "name": "download"
                                        }
                                    ],
                                    "containers": [
                                        {
                                            "volumeMounts": [
                                                {
                                                    "mountPath": "/var/code",
                                                    "name": "code"
                                                },
                                                {
                                                    "mountPath": "/var/download",
                                                    "name": "download"
                                                }
                                            ],
                                            "ports": [
                                                {
                                                    "containerPort": 3000,
                                                    "name": "web"
                                                }
                                            ],
                                            "env": [
                                                {
                                                    "value": "/var/download",
                                                    "name": "DOWNLOAD_PATH"
                                                },
                                                {
                                                    "value": "https://outlook.office.com/webhook/28b98568-d712-43b0-acab-dc662d48af10@6afcd346-7cb2-46db-897d-c639dbdf0449/IncomingWebhook/04e0ec50319d44c883b86e0f0f7f8d7f/3c5aff45-eca1-4c5b-bec5-6e3876b0c31b",
                                                    "name": "WEBHOOK_URL"
                                                },
                                                {
                                                    "value": "https://outlook.office.com/webhook/28b98568-d712-43b0-acab-dc662d48af10@6afcd346-7cb2-46db-897d-c639dbdf0449/IncomingWebhook/5d616aff7a164791aa8a30adc42ea48e/3c5aff45-eca1-4c5b-bec5-6e3876b0c31b",
                                                    "name": "WEBHOOK_ERRORS_URL"
                                                },
                                                {
                                                    "value": "739y7",
                                                    "name": "MONGO_USER"
                                                },
                                                {
                                                    "value": "ai2a3",
                                                    "name": "MONGO_PASSWORD"
                                                },
                                                {
                                                    "value": "bitpod_moccasinsole_nkenb",
                                                    "name": "MONGO_DATABASE"
                                                },
                                                {
                                                    "value": "moccasinsole",
                                                    "name": "TENANT_ID"
                                                },
                                                {
                                                    "valueFrom": {
                                                        "fieldRef": {
                                                            "fieldPath": "metadata.namespace"
                                                        }
                                                    },
                                                    "name": "POD_NAMESPACE"
                                                },
                                                {
                                                    "value": "engine",
                                                    "name": "TIER"
                                                },
                                                {
                                                    "value": "engine",
                                                    "name": "USER_PROFILE_SITE_URL"
                                                },
                                                {
                                                    "value": "engine",
                                                    "name": "PLATFORM_SERVICE_URL"
                                                },
                                                {
                                                    "value": "engine",
                                                    "name": "INSTANCE_URL"
                                                }
                                            ],
                                            "image": "bitpod/dev-baasinstance:hfix_5248-5e2a6f7c",
                                            "name": "engine"
                                        }
                                    ]
                                },
                                "metadata": {
                                    "labels": {
                                        "tier": "engine",
                                        "app": "backend"
                                    }
                                }
                            },
                            "replicas": 1,
                            "serviceName": "engine"
                        },
                        "metadata": {
                            "name": "engine",
                            "namespace": "dev-bitpod-moccasinsole"
                        },
                        "kind": "StatefulSet",
                        "apiVersion": "apps/v1beta1"
                    },
                    "redis": {
                        "spec": {
                            "template": {
                                "spec": {
                                    "containers": [
                                        {
                                            "ports": [
                                                {
                                                    "containerPort": 6379,
                                                    "name": "web"
                                                }
                                            ],
                                            "image": "redis:alpine",
                                            "name": "redis"
                                        }
                                    ]
                                },
                                "metadata": {
                                    "labels": {
                                        "tier": "redis",
                                        "app": "backend"
                                    }
                                }
                            },
                            "replicas": 1,
                            "serviceName": "redis"
                        },
                        "metadata": {
                            "name": "redis",
                            "namespace": "dev-bitpod-moccasinsole"
                        },
                        "kind": "StatefulSet",
                        "apiVersion": "apps/v1beta1"
                    }
                },
                "svc": {
                    "nginx": {
                        "spec": {
                            "ports": [
                                {
                                    "targetPort": 8085,
                                    "port": 80
                                }
                            ],
                            "selector": {
                                "tier": "proxy",
                                "app": "backend"
                            },
                            "type": "ClusterIP"
                        },
                        "metadata": {
                            "labels": {
                                "tier": "proxy",
                                "app": "backend"
                            },
                            "namespace": "dev-bitpod-moccasinsole",
                            "name": "nginx"
                        },
                        "kind": "Service",
                        "apiVersion": "v1"
                    },
                    "bm": {
                        "spec": {
                            "ports": [
                                {
                                    "targetPort": 3001,
                                    "port": 3001
                                }
                            ],
                            "selector": {
                                "tier": "bm",
                                "app": "backend"
                            }
                        },
                        "metadata": {
                            "labels": {
                                "tier": "bm",
                                "app": "backend"
                            },
                            "namespace": "dev-bitpod-moccasinsole",
                            "name": "bm"
                        },
                        "kind": "Service",
                        "apiVersion": "v1"
                    },
                    "engine": {
                        "spec": {
                            "ports": [
                                {
                                    "targetPort": 3000,
                                    "port": 3000,
                                    "name": "web"
                                },
                                {
                                    "targetPort": 5000,
                                    "port": 5000,
                                    "name": "websocket"
                                }
                            ],
                            "selector": {
                                "tier": "engine",
                                "app": "backend"
                            }
                        },
                        "metadata": {
                            "labels": {
                                "tier": "engine",
                                "app": "backend"
                            },
                            "namespace": "dev-bitpod-moccasinsole",
                            "name": "engine"
                        },
                        "kind": "Service",
                        "apiVersion": "v1"
                    },
                    "mongodb": {
                        "spec": {
                            "ports": [
                                {
                                    "targetPort": 27017,
                                    "port": 27017,
                                    "protocol": "TCP"
                                }
                            ]
                        },
                        "metadata": {
                            "name": "mongodb"
                        },
                        "apiVersion": "v1",
                        "kind": "Service"
                    },
                    "redis": {
                        "spec": {
                            "ports": [
                                {
                                    "targetPort": 6379,
                                    "port": 6379
                                }
                            ],
                            "selector": {
                                "tier": "redis",
                                "app": "backend"
                            }
                        },
                        "metadata": {
                            "labels": {
                                "tier": "redis",
                                "app": "backend"
                            },
                            "namespace": "dev-bitpod-moccasinsole",
                            "name": "redis"
                        },
                        "kind": "Service",
                        "apiVersion": "v1"
                    }
                },
                "ns": {
                    "metadata": {
                        "name": "dev-bitpod-moccasinsole"
                    },
                    "kind": "Namespace",
                    "apiVersion": "v1"
                },
                "metadata": {
                    "namespace": "dev-bitpod-moccasinsole"
                }
            }
        },
        "users": [
            "adarshkumar@bitpod.io"
        ],
        "accessKeys": [
            {
                "modifiedAt": 1615443213793,
                "createdAt": 1615443213793,
                "userId": "adarshkumar@bitpod.io",
                "isActive": true,
                "key": "22445ba1a0dd46bbd4e26da7402ca9bc9dd5170766d628fe2c105f2f5f255e9de8a0353b1700f97f1c6ecf0950708f71"
            }
        ],
        "cleanLogs": [
            {
                "_id": "60701aedf2ac13000dd432d1",
                "type": "info",
                "time": "2021-04-09T09:14:21.839Z",
                "log": "starting clean deployment"
            },
            {
                "_id": "60701aedf2ac13000dd432d2",
                "type": "info",
                "time": "2021-04-09T09:14:21.851Z",
                "log": "preparing to delete resources."
            },
            {
                "_id": "60701aedf2ac13000dd432d3",
                "type": "info",
                "time": "2021-04-09T09:14:21.857Z",
                "log": "deleted all pending changes."
            },
            {
                "_id": "60701aedf2ac13000dd432d4",
                "type": "info",
                "time": "2021-04-09T09:14:21.899Z",
                "log": "Restored last deployments"
            },
            {
                "_id": "60701aeef2ac13000dd432d5",
                "type": "info",
                "time": "2021-04-09T09:14:22.097Z",
                "log": "updates current deployment with last active deployment."
            },
            {
                "_id": "60701aeef2ac13000dd432d6",
                "type": "info",
                "time": "2021-04-09T09:14:22.106Z",
                "log": "deployment cleaning complete."
            }
        ],
        "roleMapping": {
            "InstanceOwner": [
                "adarshkumar@bitpod.io"
            ]
        },
        "jobId": "308",
        "codeVersion": 8,
        "instanceUrl": "http://34.73.82.229:30583",
        "microServices": [
            {
                "status": {
                    "loadBalancer": {}
                },
                "spec": {
                    "sessionAffinity": "None",
                    "type": "ClusterIP",
                    "clusterIP": "10.20.1.195",
                    "selector": {
                        "tier": "bm",
                        "app": "backend"
                    },
                    "ports": [
                        {
                            "targetPort": 3001,
                            "port": 3001,
                            "protocol": "TCP"
                        }
                    ]
                },
                "metadata": {
                    "annotations": {
                        "meta.helm.sh/release-namespace": "dev-bitpod-moccasinsole",
                        "meta.helm.sh/release-name": "dev-bitpod-moccasinsole"
                    },
                    "labels": {
                        "tier": "bm",
                        "serviceSpecVersion": "1",
                        "app.kubernetes.io/managed-by": "Helm",
                        "app": "backend"
                    },
                    "creationTimestamp": "2021-03-11T06:13:39Z",
                    "resourceVersion": "79419756",
                    "uid": "8924d69b-1ba4-481d-bc6a-04b658da51d4",
                    "selfLink": "/api/v1/namespaces/dev-bitpod-moccasinsole/services/bm",
                    "namespace": "dev-bitpod-moccasinsole",
                    "name": "bm"
                }
            },
            {
                "status": {
                    "loadBalancer": {}
                },
                "spec": {
                    "externalName": "bpmnapi.app-activiti-dev.svc.cluster.local",
                    "sessionAffinity": "None",
                    "type": "ExternalName",
                    "ports": [
                        {
                            "targetPort": 8081,
                            "port": 8081,
                            "protocol": "TCP"
                        }
                    ]
                },
                "metadata": {
                    "annotations": {
                        "meta.helm.sh/release-namespace": "dev-bitpod-moccasinsole",
                        "meta.helm.sh/release-name": "dev-bitpod-moccasinsole"
                    },
                    "labels": {
                        "app.kubernetes.io/managed-by": "Helm"
                    },
                    "creationTimestamp": "2021-03-11T06:13:39Z",
                    "resourceVersion": "79419737",
                    "uid": "ce2db59f-c187-4655-83ab-6eb1f8d7b582",
                    "selfLink": "/api/v1/namespaces/dev-bitpod-moccasinsole/services/bpmnapi",
                    "namespace": "dev-bitpod-moccasinsole",
                    "name": "bpmnapi"
                }
            },
            {
                "status": {
                    "loadBalancer": {}
                },
                "spec": {
                    "sessionAffinity": "None",
                    "type": "ClusterIP",
                    "clusterIP": "10.20.12.54",
                    "selector": {
                        "tier": "engine",
                        "app": "backend"
                    },
                    "ports": [
                        {
                            "targetPort": 3000,
                            "port": 3000,
                            "protocol": "TCP",
                            "name": "web"
                        },
                        {
                            "targetPort": 5000,
                            "port": 5000,
                            "protocol": "TCP",
                            "name": "websocket"
                        },
                        {
                            "targetPort": 8000,
                            "port": 8000,
                            "protocol": "TCP",
                            "name": "healthzcheck"
                        }
                    ]
                },
                "metadata": {
                    "annotations": {
                        "meta.helm.sh/release-namespace": "dev-bitpod-moccasinsole",
                        "meta.helm.sh/release-name": "dev-bitpod-moccasinsole"
                    },
                    "labels": {
                        "tier": "engine",
                        "serviceSpecVersion": "1",
                        "app.kubernetes.io/managed-by": "Helm",
                        "app": "backend"
                    },
                    "creationTimestamp": "2021-03-11T06:13:39Z",
                    "resourceVersion": "79419766",
                    "uid": "29efbf3f-61bd-4cf2-99a1-ef49e236cae6",
                    "selfLink": "/api/v1/namespaces/dev-bitpod-moccasinsole/services/engine",
                    "namespace": "dev-bitpod-moccasinsole",
                    "name": "engine"
                }
            },
            {
                "status": {
                    "loadBalancer": {}
                },
                "spec": {
                    "sessionAffinity": "None",
                    "type": "ClusterIP",
                    "clusterIP": "10.20.8.216",
                    "selector": {
                        "tier": "engine-debug",
                        "app": "backend"
                    },
                    "ports": [
                        {
                            "targetPort": 3000,
                            "port": 3000,
                            "protocol": "TCP",
                            "name": "web"
                        },
                        {
                            "targetPort": 5000,
                            "port": 5000,
                            "protocol": "TCP",
                            "name": "websocket"
                        },
                        {
                            "targetPort": 8000,
                            "port": 8000,
                            "protocol": "TCP",
                            "name": "healthzcheck"
                        }
                    ]
                },
                "metadata": {
                    "annotations": {
                        "meta.helm.sh/release-namespace": "dev-bitpod-moccasinsole",
                        "meta.helm.sh/release-name": "dev-bitpod-moccasinsole"
                    },
                    "labels": {
                        "tier": "engine-debug",
                        "serviceSpecVersion": "1",
                        "app.kubernetes.io/managed-by": "Helm",
                        "app": "backend"
                    },
                    "creationTimestamp": "2021-03-11T06:13:39Z",
                    "resourceVersion": "79419752",
                    "uid": "fd3bd480-c5e1-4560-b5b8-519ac915f467",
                    "selfLink": "/api/v1/namespaces/dev-bitpod-moccasinsole/services/engine-debug",
                    "namespace": "dev-bitpod-moccasinsole",
                    "name": "engine-debug"
                }
            },
            {
                "status": {
                    "loadBalancer": {}
                },
                "spec": {
                    "externalTrafficPolicy": "Cluster",
                    "sessionAffinity": "None",
                    "type": "NodePort",
                    "clusterIP": "10.20.12.52",
                    "selector": {
                        "tier": "proxy",
                        "app": "backend"
                    },
                    "ports": [
                        {
                            "nodePort": 30583,
                            "targetPort": 8085,
                            "port": 80,
                            "protocol": "TCP",
                            "name": "http"
                        },
                        {
                            "nodePort": 30372,
                            "targetPort": 443,
                            "port": 443,
                            "protocol": "TCP",
                            "name": "https"
                        }
                    ]
                },
                "metadata": {
                    "annotations": {
                        "meta.helm.sh/release-namespace": "dev-bitpod-moccasinsole",
                        "meta.helm.sh/release-name": "dev-bitpod-moccasinsole"
                    },
                    "labels": {
                        "tier": "proxy",
                        "serviceSpecVersion": "1",
                        "app.kubernetes.io/managed-by": "Helm",
                        "app": "backend"
                    },
                    "creationTimestamp": "2021-03-11T06:13:39Z",
                    "resourceVersion": "79419747",
                    "uid": "b9d847d2-ff7e-45df-b10e-f86701b1a1d1",
                    "selfLink": "/api/v1/namespaces/dev-bitpod-moccasinsole/services/nginx",
                    "namespace": "dev-bitpod-moccasinsole",
                    "name": "nginx"
                }
            },
            {
                "status": {
                    "loadBalancer": {}
                },
                "spec": {
                    "sessionAffinity": "None",
                    "type": "ClusterIP",
                    "clusterIP": "10.20.9.10",
                    "selector": {
                        "tier": "oauth",
                        "app": "backend"
                    },
                    "ports": [
                        {
                            "targetPort": 8000,
                            "port": 8000,
                            "protocol": "TCP",
                            "name": "web"
                        }
                    ]
                },
                "metadata": {
                    "annotations": {
                        "meta.helm.sh/release-namespace": "dev-bitpod-moccasinsole",
                        "meta.helm.sh/release-name": "dev-bitpod-moccasinsole"
                    },
                    "labels": {
                        "tier": "oauth",
                        "serviceSpecVersion": "1",
                        "app.kubernetes.io/managed-by": "Helm",
                        "app": "backend"
                    },
                    "creationTimestamp": "2021-03-11T06:13:39Z",
                    "resourceVersion": "79419740",
                    "uid": "6affbe9d-b0f5-4fe7-b580-22a2a14d8078",
                    "selfLink": "/api/v1/namespaces/dev-bitpod-moccasinsole/services/oauth",
                    "namespace": "dev-bitpod-moccasinsole",
                    "name": "oauth"
                }
            },
            {
                "status": {
                    "loadBalancer": {}
                },
                "spec": {
                    "sessionAffinity": "None",
                    "type": "ClusterIP",
                    "clusterIP": "10.20.3.59",
                    "selector": {
                        "tier": "redis",
                        "app": "backend"
                    },
                    "ports": [
                        {
                            "targetPort": 6379,
                            "port": 6379,
                            "protocol": "TCP"
                        }
                    ]
                },
                "metadata": {
                    "annotations": {
                        "meta.helm.sh/release-namespace": "dev-bitpod-moccasinsole",
                        "meta.helm.sh/release-name": "dev-bitpod-moccasinsole"
                    },
                    "labels": {
                        "tier": "redis",
                        "serviceSpecVersion": "1",
                        "app.kubernetes.io/managed-by": "Helm",
                        "app": "backend"
                    },
                    "creationTimestamp": "2021-03-11T06:13:39Z",
                    "resourceVersion": "79419762",
                    "uid": "ded66bd2-4e96-4633-899f-3249f15f3fdb",
                    "selfLink": "/api/v1/namespaces/dev-bitpod-moccasinsole/services/redis",
                    "namespace": "dev-bitpod-moccasinsole",
                    "name": "redis"
                }
            },
            {
                "status": {
                    "loadBalancer": {}
                },
                "spec": {
                    "externalTrafficPolicy": "Cluster",
                    "sessionAffinity": "None",
                    "type": "NodePort",
                    "clusterIP": "10.20.14.57",
                    "selector": {
                        "tier": "s3storage",
                        "qs": "s3storage",
                        "app": "backend"
                    },
                    "ports": [
                        {
                            "nodePort": 31358,
                            "targetPort": 8000,
                            "port": 8000,
                            "protocol": "TCP"
                        }
                    ]
                },
                "metadata": {
                    "annotations": {
                        "meta.helm.sh/release-namespace": "dev-bitpod-moccasinsole",
                        "meta.helm.sh/release-name": "dev-bitpod-moccasinsole"
                    },
                    "labels": {
                        "tier": "s3storage",
                        "serviceSpecVersion": "1",
                        "app.kubernetes.io/managed-by": "Helm",
                        "app": "backend"
                    },
                    "creationTimestamp": "2021-03-11T06:13:39Z",
                    "resourceVersion": "79419754",
                    "uid": "e81b7505-751e-4135-9791-a3e2c273b76a",
                    "selfLink": "/api/v1/namespaces/dev-bitpod-moccasinsole/services/s3storage",
                    "namespace": "dev-bitpod-moccasinsole",
                    "name": "s3storage"
                }
            },
            {
                "status": {
                    "loadBalancer": {}
                },
                "spec": {
                    "sessionAffinity": "None",
                    "type": "ClusterIP",
                    "clusterIP": "10.20.9.30",
                    "selector": {
                        "tier": "site-rkdnbewqu",
                        "app": "backend"
                    },
                    "ports": [
                        {
                            "targetPort": 3000,
                            "port": 80,
                            "protocol": "TCP",
                            "name": "api"
                        }
                    ]
                },
                "metadata": {
                    "annotations": {
                        "meta.helm.sh/release-namespace": "dev-bitpod-moccasinsole",
                        "meta.helm.sh/release-name": "dev-bitpod-moccasinsole"
                    },
                    "labels": {
                        "tier": "site-rkdnbewqu",
                        "serviceSpecVersion": "2",
                        "app.kubernetes.io/managed-by": "Helm",
                        "app": "backend"
                    },
                    "creationTimestamp": "2021-03-11T06:17:28Z",
                    "resourceVersion": "79421097",
                    "uid": "70442032-a2bd-41d7-9290-cc5519fe5dcc",
                    "selfLink": "/api/v1/namespaces/dev-bitpod-moccasinsole/services/site-service-rkdnbewqu",
                    "namespace": "dev-bitpod-moccasinsole",
                    "name": "site-service-rkdnbewqu"
                }
            },
            {
                "status": {
                    "loadBalancer": {}
                },
                "spec": {
                    "sessionAffinity": "None",
                    "type": "ClusterIP",
                    "clusterIP": "10.20.14.47",
                    "selector": {
                        "tier": "site-ryv2g4jrd",
                        "app": "backend"
                    },
                    "ports": [
                        {
                            "targetPort": 3000,
                            "port": 80,
                            "protocol": "TCP",
                            "name": "api"
                        }
                    ]
                },
                "metadata": {
                    "annotations": {
                        "meta.helm.sh/release-namespace": "dev-bitpod-moccasinsole",
                        "meta.helm.sh/release-name": "dev-bitpod-moccasinsole"
                    },
                    "labels": {
                        "tier": "site-ryv2g4jrd",
                        "serviceSpecVersion": "2",
                        "app.kubernetes.io/managed-by": "Helm",
                        "app": "backend"
                    },
                    "creationTimestamp": "2021-04-08T02:27:42Z",
                    "resourceVersion": "92205682",
                    "uid": "2880b20e-f64a-46fe-a213-f8e0bc211e9f",
                    "selfLink": "/api/v1/namespaces/dev-bitpod-moccasinsole/services/site-service-ryv2g4jrd",
                    "namespace": "dev-bitpod-moccasinsole",
                    "name": "site-service-ryv2g4jrd"
                }
            },
            {
                "status": {
                    "loadBalancer": {}
                },
                "spec": {
                    "sessionAffinity": "None",
                    "type": "ClusterIP",
                    "clusterIP": "10.20.13.162",
                    "selector": {
                        "tier": "webhosting",
                        "app": "backend"
                    },
                    "ports": [
                        {
                            "targetPort": 8800,
                            "port": 8800,
                            "protocol": "TCP",
                            "name": "api"
                        },
                        {
                            "targetPort": 80,
                            "port": 80,
                            "protocol": "TCP",
                            "name": "nginx"
                        }
                    ]
                },
                "metadata": {
                    "annotations": {
                        "meta.helm.sh/release-namespace": "dev-bitpod-moccasinsole",
                        "meta.helm.sh/release-name": "dev-bitpod-moccasinsole"
                    },
                    "labels": {
                        "tier": "webhosting",
                        "serviceSpecVersion": "2",
                        "app.kubernetes.io/managed-by": "Helm",
                        "app": "backend"
                    },
                    "creationTimestamp": "2021-03-11T06:13:39Z",
                    "resourceVersion": "79419758",
                    "uid": "3ba43689-0d23-4947-977d-0bd549245d97",
                    "selfLink": "/api/v1/namespaces/dev-bitpod-moccasinsole/services/webhosting",
                    "namespace": "dev-bitpod-moccasinsole",
                    "name": "webhosting"
                }
            }
        ],
        "workloads": "",
        "debuggerEnabled": false,
        "authClients": {},
        "childJobId": "309",
        "debuggerMeta": {},
        "deploymentLogs": [
            {
                "_id": "607028ecf2ac13000dd432d7",
                "type": "info",
                "time": "2021-04-09T10:14:04.299Z",
                "log": "Initializing deployment..."
            },
            {
                "_id": "607028ecf2ac13000dd432d8",
                "type": "info",
                "time": "2021-04-09T10:14:04.373Z",
                "log": "Generating code..."
            },
            {
                "_id": "607028ecf2ac13000dd432d9",
                "type": "info",
                "time": "2021-04-09T10:14:04.383Z",
                "log": "Writing code to disk..."
            },
            {
                "_id": "607028ecf2ac13000dd432da",
                "type": "info",
                "time": "2021-04-09T10:14:04.528Z",
                "log": "Uploading code to the backend..."
            },
            {
                "_id": "607028ecf2ac13000dd432dd",
                "type": "info",
                "time": "2021-04-09T10:14:04.579Z",
                "log": "Finalizing deployment..."
            },
            {
                "_id": "607028ecf2ac13000dd432de",
                "type": "info",
                "time": "2021-04-09T10:14:04.716Z",
                "log": "New code deployed! Restarting backend..."
            },
            {
                "_id": "607028ecf2ac13000dd432df",
                "type": "info",
                "time": "2021-04-09T10:14:04.763Z",
                "log": "Verifying backend updates..."
            },
            {
                "_id": "607028f2f2ac13000dd432e0",
                "type": "info",
                "time": "2021-04-09T10:14:10.776Z",
                "log": "Updating replicas: (1/2). "
            },
            {
                "_id": "607028f8f2ac13000dd432e1",
                "type": "info",
                "time": "2021-04-09T10:14:16.787Z",
                "log": "Updating replicas: (1/2). "
            },
            {
                "_id": "607028fef2ac13000dd432e2",
                "type": "info",
                "time": "2021-04-09T10:14:22.802Z",
                "log": "Updating replicas: (1/2). "
            },
            {
                "_id": "60702904f2ac13000dd432e3",
                "type": "info",
                "time": "2021-04-09T10:14:28.817Z",
                "log": "Updating replicas: (1/2). "
            },
            {
                "_id": "6070290af2ac13000dd432e4",
                "type": "info",
                "time": "2021-04-09T10:14:34.830Z",
                "log": "Updating replicas: (1/2). "
            },
            {
                "_id": "60702910f2ac13000dd432e5",
                "type": "info",
                "time": "2021-04-09T10:14:40.846Z",
                "log": "Updating replicas: (1/2). "
            },
            {
                "_id": "60702916f2ac13000dd432e6",
                "type": "info",
                "time": "2021-04-09T10:14:46.863Z",
                "log": "Updating replicas: (1/2). "
            },
            {
                "_id": "6070291cf2ac13000dd432e7",
                "type": "info",
                "time": "2021-04-09T10:14:52.880Z",
                "log": "Updating replicas: (1/2). "
            },
            {
                "_id": "60702922f2ac13000dd432e8",
                "type": "info",
                "time": "2021-04-09T10:14:58.895Z",
                "log": "Updating replicas: (1/2). "
            },
            {
                "_id": "60702928f2ac13000dd432e9",
                "type": "info",
                "time": "2021-04-09T10:15:04.914Z",
                "log": "Updating replicas: (1/2). "
            },
            {
                "_id": "6070292ef2ac13000dd432ea",
                "type": "info",
                "time": "2021-04-09T10:15:10.930Z",
                "log": "Updating replicas: (1/2). "
            },
            {
                "_id": "60702934f2ac13000dd432eb",
                "type": "info",
                "time": "2021-04-09T10:15:16.944Z",
                "log": "Updating replicas: (2/2). "
            },
            {
                "_id": "60702934f2ac13000dd432ec",
                "type": "info",
                "time": "2021-04-09T10:15:16.957Z",
                "log": "Deployment completed"
            }
        ]
    },
    "listOfContentFileIds": [],
    "version": "1.0.0",
    "exportedDate": "2021-04-09T10:15:17.826Z",
    "exportedBy": "adarshkumar@bitpod.io",
    "workflowZip": "SJ8fSND7__workflow_SJC4Fi6Sd.zip"
}