{
    "resources": [
        "working",
        "relations",
        "events"
    ],
    "oldBackendRecord": {
        "_id": "SJ5V11tOd",
        "name": "mothersday",
        "description": "",
        "uniquename": "mothersday",
        "appId": "bitpod",
        "cors": {
            "maxAge": 86400,
            "credentials": true,
            "origin": true
        },
        "routes": [
            {
                "value": "/index.html",
                "key": "*"
            }
        ],
        "status": 235,
        "_createdBy": "adarshkumar@bitpod.io",
        "_createdAt": "2021-05-12T04:53:06.400Z",
        "_updatedBy": "adarshkumar@bitpod.io",
        "schemaversion": "2.0",
        "maintenance": {
            "ETA": 0,
            "reason": 0,
            "active": false
        },
        "database": {
            "name": "bitpod_mothersday_pst38",
            "password": "lyatm",
            "username": "9gvl5"
        },
        "instance": {
            "deploymentJson": {
                "endPoints": {
                    "mongodb": {
                        "subsets": [
                            {
                                "ports": [
                                    {
                                        "protocol": "TCP",
                                        "port": 27017
                                    }
                                ],
                                "addresses": [
                                    {
                                        "ip": ""
                                    }
                                ]
                            }
                        ],
                        "metadata": {
                            "name": "mongodb"
                        },
                        "apiVersion": "v1",
                        "kind": "Endpoints"
                    }
                },
                "sfs": {
                    "nginx": {
                        "spec": {
                            "template": {
                                "spec": {
                                    "containers": [
                                        {
                                            "ports": [
                                                {
                                                    "containerPort": 8085,
                                                    "name": "web"
                                                }
                                            ],
                                            "image": "bitpod/dev-instanceproxy:fix_5238-211e0c5f",
                                            "name": "nginx"
                                        }
                                    ]
                                },
                                "metadata": {
                                    "labels": {
                                        "tier": "proxy",
                                        "app": "backend"
                                    }
                                }
                            },
                            "replicas": 1,
                            "serviceName": "nginx"
                        },
                        "metadata": {
                            "name": "nginx",
                            "namespace": "dev-bitpod-mothersday"
                        },
                        "kind": "StatefulSet",
                        "apiVersion": "apps/v1beta1"
                    },
                    "bm": {
                        "spec": {
                            "template": {
                                "spec": {
                                    "volumes": [
                                        {
                                            "name": "code"
                                        },
                                        {
                                            "name": "download"
                                        }
                                    ],
                                    "containers": [
                                        {
                                            "readinessProbe": {
                                                "periodSeconds": 5,
                                                "initialDelaySeconds": 5,
                                                "httpGet": {
                                                    "port": 3001,
                                                    "path": "/healthz/"
                                                }
                                            },
                                            "volumeMounts": [
                                                {
                                                    "mountPath": "/var/code",
                                                    "name": "code"
                                                },
                                                {
                                                    "mountPath": "/var/download",
                                                    "name": "download"
                                                }
                                            ],
                                            "ports": [
                                                {
                                                    "containerPort": 3001,
                                                    "name": "web"
                                                }
                                            ],
                                            "env": [
                                                {
                                                    "value": "/var/download",
                                                    "name": "DOWNLOAD_PATH"
                                                },
                                                {
                                                    "value": "https://outlook.office.com/webhook/28b98568-d712-43b0-acab-dc662d48af10@6afcd346-7cb2-46db-897d-c639dbdf0449/IncomingWebhook/04e0ec50319d44c883b86e0f0f7f8d7f/3c5aff45-eca1-4c5b-bec5-6e3876b0c31b",
                                                    "name": "WEBHOOK_URL"
                                                },
                                                {
                                                    "value": "https://outlook.office.com/webhook/28b98568-d712-43b0-acab-dc662d48af10@6afcd346-7cb2-46db-897d-c639dbdf0449/IncomingWebhook/5d616aff7a164791aa8a30adc42ea48e/3c5aff45-eca1-4c5b-bec5-6e3876b0c31b",
                                                    "name": "WEBHOOK_ERRORS_URL"
                                                },
                                                {
                                                    "value": "9gvl5",
                                                    "name": "MONGO_USER"
                                                },
                                                {
                                                    "value": "lyatm",
                                                    "name": "MONGO_PASSWORD"
                                                },
                                                {
                                                    "value": "bitpod_mothersday_pst38",
                                                    "name": "MONGO_DATABASE"
                                                },
                                                {
                                                    "valueFrom": {
                                                        "fieldRef": {
                                                            "fieldPath": "metadata.namespace"
                                                        }
                                                    },
                                                    "name": "POD_NAMESPACE"
                                                },
                                                {
                                                    "value": "bm",
                                                    "name": "TIER"
                                                }
                                            ],
                                            "image": "bitpod/dev-baasinstance:bug_5255-2999f3f3",
                                            "name": "bm"
                                        }
                                    ]
                                },
                                "metadata": {
                                    "labels": {
                                        "tier": "bm",
                                        "app": "backend"
                                    }
                                }
                            },
                            "replicas": 1,
                            "serviceName": "bm"
                        },
                        "metadata": {
                            "name": "bm",
                            "namespace": "dev-bitpod-mothersday"
                        },
                        "kind": "StatefulSet",
                        "apiVersion": "apps/v1beta1"
                    },
                    "engine": {
                        "spec": {
                            "template": {
                                "spec": {
                                    "volumes": [
                                        {
                                            "name": "code"
                                        },
                                        {
                                            "name": "download"
                                        }
                                    ],
                                    "containers": [
                                        {
                                            "volumeMounts": [
                                                {
                                                    "mountPath": "/var/code",
                                                    "name": "code"
                                                },
                                                {
                                                    "mountPath": "/var/download",
                                                    "name": "download"
                                                }
                                            ],
                                            "ports": [
                                                {
                                                    "containerPort": 3000,
                                                    "name": "web"
                                                }
                                            ],
                                            "env": [
                                                {
                                                    "value": "/var/download",
                                                    "name": "DOWNLOAD_PATH"
                                                },
                                                {
                                                    "value": "https://outlook.office.com/webhook/28b98568-d712-43b0-acab-dc662d48af10@6afcd346-7cb2-46db-897d-c639dbdf0449/IncomingWebhook/04e0ec50319d44c883b86e0f0f7f8d7f/3c5aff45-eca1-4c5b-bec5-6e3876b0c31b",
                                                    "name": "WEBHOOK_URL"
                                                },
                                                {
                                                    "value": "https://outlook.office.com/webhook/28b98568-d712-43b0-acab-dc662d48af10@6afcd346-7cb2-46db-897d-c639dbdf0449/IncomingWebhook/5d616aff7a164791aa8a30adc42ea48e/3c5aff45-eca1-4c5b-bec5-6e3876b0c31b",
                                                    "name": "WEBHOOK_ERRORS_URL"
                                                },
                                                {
                                                    "value": "9gvl5",
                                                    "name": "MONGO_USER"
                                                },
                                                {
                                                    "value": "lyatm",
                                                    "name": "MONGO_PASSWORD"
                                                },
                                                {
                                                    "value": "bitpod_mothersday_pst38",
                                                    "name": "MONGO_DATABASE"
                                                },
                                                {
                                                    "value": "mothersday",
                                                    "name": "TENANT_ID"
                                                },
                                                {
                                                    "valueFrom": {
                                                        "fieldRef": {
                                                            "fieldPath": "metadata.namespace"
                                                        }
                                                    },
                                                    "name": "POD_NAMESPACE"
                                                },
                                                {
                                                    "value": "engine",
                                                    "name": "TIER"
                                                },
                                                {
                                                    "value": "engine",
                                                    "name": "USER_PROFILE_SITE_URL"
                                                },
                                                {
                                                    "value": "engine",
                                                    "name": "PLATFORM_SERVICE_URL"
                                                },
                                                {
                                                    "value": "engine",
                                                    "name": "INSTANCE_URL"
                                                }
                                            ],
                                            "image": "bitpod/dev-baasinstance:bug_5255-2999f3f3",
                                            "name": "engine"
                                        }
                                    ]
                                },
                                "metadata": {
                                    "labels": {
                                        "tier": "engine",
                                        "app": "backend"
                                    }
                                }
                            },
                            "replicas": 1,
                            "serviceName": "engine"
                        },
                        "metadata": {
                            "name": "engine",
                            "namespace": "dev-bitpod-mothersday"
                        },
                        "kind": "StatefulSet",
                        "apiVersion": "apps/v1beta1"
                    },
                    "redis": {
                        "spec": {
                            "template": {
                                "spec": {
                                    "containers": [
                                        {
                                            "ports": [
                                                {
                                                    "containerPort": 6379,
                                                    "name": "web"
                                                }
                                            ],
                                            "image": "redis:alpine",
                                            "name": "redis"
                                        }
                                    ]
                                },
                                "metadata": {
                                    "labels": {
                                        "tier": "redis",
                                        "app": "backend"
                                    }
                                }
                            },
                            "replicas": 1,
                            "serviceName": "redis"
                        },
                        "metadata": {
                            "name": "redis",
                            "namespace": "dev-bitpod-mothersday"
                        },
                        "kind": "StatefulSet",
                        "apiVersion": "apps/v1beta1"
                    }
                },
                "svc": {
                    "nginx": {
                        "spec": {
                            "ports": [
                                {
                                    "targetPort": 8085,
                                    "port": 80
                                }
                            ],
                            "selector": {
                                "tier": "proxy",
                                "app": "backend"
                            },
                            "type": "ClusterIP"
                        },
                        "metadata": {
                            "labels": {
                                "tier": "proxy",
                                "app": "backend"
                            },
                            "namespace": "dev-bitpod-mothersday",
                            "name": "nginx"
                        },
                        "kind": "Service",
                        "apiVersion": "v1"
                    },
                    "bm": {
                        "spec": {
                            "ports": [
                                {
                                    "targetPort": 3001,
                                    "port": 3001
                                }
                            ],
                            "selector": {
                                "tier": "bm",
                                "app": "backend"
                            }
                        },
                        "metadata": {
                            "labels": {
                                "tier": "bm",
                                "app": "backend"
                            },
                            "namespace": "dev-bitpod-mothersday",
                            "name": "bm"
                        },
                        "kind": "Service",
                        "apiVersion": "v1"
                    },
                    "engine": {
                        "spec": {
                            "ports": [
                                {
                                    "targetPort": 3000,
                                    "port": 3000,
                                    "name": "web"
                                },
                                {
                                    "targetPort": 5000,
                                    "port": 5000,
                                    "name": "websocket"
                                }
                            ],
                            "selector": {
                                "tier": "engine",
                                "app": "backend"
                            }
                        },
                        "metadata": {
                            "labels": {
                                "tier": "engine",
                                "app": "backend"
                            },
                            "namespace": "dev-bitpod-mothersday",
                            "name": "engine"
                        },
                        "kind": "Service",
                        "apiVersion": "v1"
                    },
                    "mongodb": {
                        "spec": {
                            "ports": [
                                {
                                    "targetPort": 27017,
                                    "port": 27017,
                                    "protocol": "TCP"
                                }
                            ]
                        },
                        "metadata": {
                            "name": "mongodb"
                        },
                        "apiVersion": "v1",
                        "kind": "Service"
                    },
                    "redis": {
                        "spec": {
                            "ports": [
                                {
                                    "targetPort": 6379,
                                    "port": 6379
                                }
                            ],
                            "selector": {
                                "tier": "redis",
                                "app": "backend"
                            }
                        },
                        "metadata": {
                            "labels": {
                                "tier": "redis",
                                "app": "backend"
                            },
                            "namespace": "dev-bitpod-mothersday",
                            "name": "redis"
                        },
                        "kind": "Service",
                        "apiVersion": "v1"
                    }
                },
                "ns": {
                    "metadata": {
                        "name": "dev-bitpod-mothersday"
                    },
                    "kind": "Namespace",
                    "apiVersion": "v1"
                },
                "metadata": {
                    "namespace": "dev-bitpod-mothersday"
                }
            }
        },
        "users": [
            "adarshkumar@bitpod.io"
        ],
        "accessKeys": [
            {
                "modifiedAt": 1620795186400,
                "createdAt": 1620795186400,
                "userId": "adarshkumar@bitpod.io",
                "isActive": true,
                "key": "24250015d5d2029ff1d3a6947cdec9e6e5be2e40724c65d03340283740b01ce87b49b6475a40d4497bb43bebd1a2f174"
            }
        ],
        "cleanLogs": [],
        "roleMapping": {
            "InstanceOwner": [
                "adarshkumar@bitpod.io"
            ]
        },
        "jobId": "650",
        "codeVersion": 4,
        "instanceUrl": "http://34.73.82.229:30288",
        "microServices": [
            {
                "status": {
                    "loadBalancer": {}
                },
                "spec": {
                    "sessionAffinity": "None",
                    "type": "ClusterIP",
                    "clusterIP": "10.20.11.76",
                    "selector": {
                        "tier": "bm",
                        "app": "backend"
                    },
                    "ports": [
                        {
                            "targetPort": 3001,
                            "port": 3001,
                            "protocol": "TCP"
                        }
                    ]
                },
                "metadata": {
                    "annotations": {
                        "meta.helm.sh/release-namespace": "dev-bitpod-mothersday",
                        "meta.helm.sh/release-name": "dev-bitpod-mothersday",
                        "cloud.google.com/neg": "{\"ingress\":true}"
                    },
                    "labels": {
                        "tier": "bm",
                        "serviceSpecVersion": "1",
                        "app.kubernetes.io/managed-by": "Helm",
                        "app": "backend"
                    },
                    "creationTimestamp": "2021-05-12T04:53:10Z",
                    "resourceVersion": "112715466",
                    "uid": "477f4008-2e81-4cac-853a-79b5bf089b74",
                    "selfLink": "/api/v1/namespaces/dev-bitpod-mothersday/services/bm",
                    "namespace": "dev-bitpod-mothersday",
                    "name": "bm"
                }
            },
            {
                "status": {
                    "loadBalancer": {}
                },
                "spec": {
                    "externalName": "bpmnapi.app-activiti-dev.svc.cluster.local",
                    "sessionAffinity": "None",
                    "type": "ExternalName",
                    "ports": [
                        {
                            "targetPort": 8081,
                            "port": 8081,
                            "protocol": "TCP"
                        }
                    ]
                },
                "metadata": {
                    "annotations": {
                        "meta.helm.sh/release-namespace": "dev-bitpod-mothersday",
                        "meta.helm.sh/release-name": "dev-bitpod-mothersday",
                        "cloud.google.com/neg": "{\"ingress\":true}"
                    },
                    "labels": {
                        "app.kubernetes.io/managed-by": "Helm"
                    },
                    "creationTimestamp": "2021-05-12T04:53:10Z",
                    "resourceVersion": "112715475",
                    "uid": "5386606b-80ca-47ae-b423-6193159c3184",
                    "selfLink": "/api/v1/namespaces/dev-bitpod-mothersday/services/bpmnapi",
                    "namespace": "dev-bitpod-mothersday",
                    "name": "bpmnapi"
                }
            },
            {
                "status": {
                    "loadBalancer": {}
                },
                "spec": {
                    "sessionAffinity": "None",
                    "type": "ClusterIP",
                    "clusterIP": "10.20.13.244",
                    "selector": {
                        "tier": "engine",
                        "app": "backend"
                    },
                    "ports": [
                        {
                            "targetPort": 3000,
                            "port": 3000,
                            "protocol": "TCP",
                            "name": "web"
                        },
                        {
                            "targetPort": 5000,
                            "port": 5000,
                            "protocol": "TCP",
                            "name": "websocket"
                        },
                        {
                            "targetPort": 8000,
                            "port": 8000,
                            "protocol": "TCP",
                            "name": "healthzcheck"
                        }
                    ]
                },
                "metadata": {
                    "annotations": {
                        "meta.helm.sh/release-namespace": "dev-bitpod-mothersday",
                        "meta.helm.sh/release-name": "dev-bitpod-mothersday",
                        "cloud.google.com/neg": "{\"ingress\":true}"
                    },
                    "labels": {
                        "tier": "engine",
                        "serviceSpecVersion": "1",
                        "app.kubernetes.io/managed-by": "Helm",
                        "app": "backend"
                    },
                    "creationTimestamp": "2021-05-12T04:53:10Z",
                    "resourceVersion": "112715477",
                    "uid": "2d7c729c-0db8-49d3-84b9-f017896d3bd1",
                    "selfLink": "/api/v1/namespaces/dev-bitpod-mothersday/services/engine",
                    "namespace": "dev-bitpod-mothersday",
                    "name": "engine"
                }
            },
            {
                "status": {
                    "loadBalancer": {}
                },
                "spec": {
                    "sessionAffinity": "None",
                    "type": "ClusterIP",
                    "clusterIP": "10.20.7.241",
                    "selector": {
                        "tier": "engine-debug",
                        "app": "backend"
                    },
                    "ports": [
                        {
                            "targetPort": 3000,
                            "port": 3000,
                            "protocol": "TCP",
                            "name": "web"
                        },
                        {
                            "targetPort": 5000,
                            "port": 5000,
                            "protocol": "TCP",
                            "name": "websocket"
                        },
                        {
                            "targetPort": 8000,
                            "port": 8000,
                            "protocol": "TCP",
                            "name": "healthzcheck"
                        }
                    ]
                },
                "metadata": {
                    "annotations": {
                        "meta.helm.sh/release-namespace": "dev-bitpod-mothersday",
                        "meta.helm.sh/release-name": "dev-bitpod-mothersday",
                        "cloud.google.com/neg": "{\"ingress\":true}"
                    },
                    "labels": {
                        "tier": "engine-debug",
                        "serviceSpecVersion": "1",
                        "app.kubernetes.io/managed-by": "Helm",
                        "app": "backend"
                    },
                    "creationTimestamp": "2021-05-12T04:53:10Z",
                    "resourceVersion": "112715463",
                    "uid": "8190dbfb-4065-4dca-99ca-1086a976fecb",
                    "selfLink": "/api/v1/namespaces/dev-bitpod-mothersday/services/engine-debug",
                    "namespace": "dev-bitpod-mothersday",
                    "name": "engine-debug"
                }
            },
            {
                "status": {
                    "loadBalancer": {}
                },
                "spec": {
                    "externalTrafficPolicy": "Cluster",
                    "sessionAffinity": "None",
                    "type": "NodePort",
                    "clusterIP": "10.20.8.243",
                    "selector": {
                        "tier": "proxy",
                        "app": "backend"
                    },
                    "ports": [
                        {
                            "nodePort": 30288,
                            "targetPort": 8085,
                            "port": 80,
                            "protocol": "TCP",
                            "name": "http"
                        },
                        {
                            "nodePort": 30905,
                            "targetPort": 443,
                            "port": 443,
                            "protocol": "TCP",
                            "name": "https"
                        }
                    ]
                },
                "metadata": {
                    "annotations": {
                        "meta.helm.sh/release-namespace": "dev-bitpod-mothersday",
                        "meta.helm.sh/release-name": "dev-bitpod-mothersday",
                        "cloud.google.com/neg": "{\"ingress\":true}"
                    },
                    "labels": {
                        "tier": "proxy",
                        "serviceSpecVersion": "1",
                        "app.kubernetes.io/managed-by": "Helm",
                        "app": "backend"
                    },
                    "creationTimestamp": "2021-05-12T04:53:11Z",
                    "resourceVersion": "112715495",
                    "uid": "64613730-7a83-43c3-a179-cfc53a904c33",
                    "selfLink": "/api/v1/namespaces/dev-bitpod-mothersday/services/nginx",
                    "namespace": "dev-bitpod-mothersday",
                    "name": "nginx"
                }
            },
            {
                "status": {
                    "loadBalancer": {}
                },
                "spec": {
                    "sessionAffinity": "None",
                    "type": "ClusterIP",
                    "clusterIP": "10.20.13.161",
                    "selector": {
                        "tier": "oauth",
                        "app": "backend"
                    },
                    "ports": [
                        {
                            "targetPort": 8000,
                            "port": 8000,
                            "protocol": "TCP",
                            "name": "web"
                        }
                    ]
                },
                "metadata": {
                    "annotations": {
                        "meta.helm.sh/release-namespace": "dev-bitpod-mothersday",
                        "meta.helm.sh/release-name": "dev-bitpod-mothersday",
                        "cloud.google.com/neg": "{\"ingress\":true}"
                    },
                    "labels": {
                        "tier": "oauth",
                        "serviceSpecVersion": "1",
                        "app.kubernetes.io/managed-by": "Helm",
                        "app": "backend"
                    },
                    "creationTimestamp": "2021-05-12T04:53:10Z",
                    "resourceVersion": "112715469",
                    "uid": "fc6c2770-9126-4834-8b30-32ebc5df6811",
                    "selfLink": "/api/v1/namespaces/dev-bitpod-mothersday/services/oauth",
                    "namespace": "dev-bitpod-mothersday",
                    "name": "oauth"
                }
            },
            {
                "status": {
                    "loadBalancer": {}
                },
                "spec": {
                    "sessionAffinity": "None",
                    "type": "ClusterIP",
                    "clusterIP": "10.20.6.190",
                    "selector": {
                        "tier": "redis",
                        "app": "backend"
                    },
                    "ports": [
                        {
                            "targetPort": 6379,
                            "port": 6379,
                            "protocol": "TCP"
                        }
                    ]
                },
                "metadata": {
                    "annotations": {
                        "meta.helm.sh/release-namespace": "dev-bitpod-mothersday",
                        "meta.helm.sh/release-name": "dev-bitpod-mothersday",
                        "cloud.google.com/neg": "{\"ingress\":true}"
                    },
                    "labels": {
                        "tier": "redis",
                        "serviceSpecVersion": "1",
                        "app.kubernetes.io/managed-by": "Helm",
                        "app": "backend"
                    },
                    "creationTimestamp": "2021-05-12T04:53:11Z",
                    "resourceVersion": "112715491",
                    "uid": "07e7b517-3aba-4d41-9fcd-a261e41146df",
                    "selfLink": "/api/v1/namespaces/dev-bitpod-mothersday/services/redis",
                    "namespace": "dev-bitpod-mothersday",
                    "name": "redis"
                }
            },
            {
                "status": {
                    "loadBalancer": {}
                },
                "spec": {
                    "externalTrafficPolicy": "Cluster",
                    "sessionAffinity": "None",
                    "type": "NodePort",
                    "clusterIP": "10.20.4.221",
                    "selector": {
                        "tier": "s3storage",
                        "qs": "s3storage",
                        "app": "backend"
                    },
                    "ports": [
                        {
                            "nodePort": 30014,
                            "targetPort": 8000,
                            "port": 8000,
                            "protocol": "TCP"
                        }
                    ]
                },
                "metadata": {
                    "annotations": {
                        "meta.helm.sh/release-namespace": "dev-bitpod-mothersday",
                        "meta.helm.sh/release-name": "dev-bitpod-mothersday",
                        "cloud.google.com/neg": "{\"ingress\":true}"
                    },
                    "labels": {
                        "tier": "s3storage",
                        "serviceSpecVersion": "1",
                        "app.kubernetes.io/managed-by": "Helm",
                        "app": "backend"
                    },
                    "creationTimestamp": "2021-05-12T04:53:10Z",
                    "resourceVersion": "112715485",
                    "uid": "c158379a-6445-4205-ba12-ded4b28344ce",
                    "selfLink": "/api/v1/namespaces/dev-bitpod-mothersday/services/s3storage",
                    "namespace": "dev-bitpod-mothersday",
                    "name": "s3storage"
                }
            },
            {
                "status": {
                    "loadBalancer": {}
                },
                "spec": {
                    "sessionAffinity": "None",
                    "type": "ClusterIP",
                    "clusterIP": "10.20.10.145",
                    "selector": {
                        "tier": "webhosting",
                        "app": "backend"
                    },
                    "ports": [
                        {
                            "targetPort": 8800,
                            "port": 8800,
                            "protocol": "TCP",
                            "name": "api"
                        },
                        {
                            "targetPort": 80,
                            "port": 80,
                            "protocol": "TCP",
                            "name": "nginx"
                        }
                    ]
                },
                "metadata": {
                    "annotations": {
                        "meta.helm.sh/release-namespace": "dev-bitpod-mothersday",
                        "meta.helm.sh/release-name": "dev-bitpod-mothersday",
                        "cloud.google.com/neg": "{\"ingress\":true}"
                    },
                    "labels": {
                        "tier": "webhosting",
                        "serviceSpecVersion": "2",
                        "app.kubernetes.io/managed-by": "Helm",
                        "app": "backend"
                    },
                    "creationTimestamp": "2021-05-12T04:53:10Z",
                    "resourceVersion": "112715480",
                    "uid": "3923bdf7-e99c-43d1-9267-d193d7fa0471",
                    "selfLink": "/api/v1/namespaces/dev-bitpod-mothersday/services/webhosting",
                    "namespace": "dev-bitpod-mothersday",
                    "name": "webhosting"
                }
            }
        ],
        "workloads": "",
        "debuggerEnabled": false,
        "debuggerMeta": {},
        "authClients": {},
        "childJobId": "651",
        "deploymentLogs": [
            {
                "_id": "609e891c853b19000d0a7411",
                "type": "info",
                "time": "2021-05-14T14:28:44.596Z",
                "log": "Initializing deployment..."
            },
            {
                "_id": "609e891c853b19000d0a7412",
                "type": "info",
                "time": "2021-05-14T14:28:44.708Z",
                "log": "Generating code..."
            },
            {
                "_id": "609e891c853b19000d0a7413",
                "type": "info",
                "time": "2021-05-14T14:28:44.721Z",
                "log": "Writing code to disk..."
            },
            {
                "_id": "609e891c853b19000d0a7414",
                "type": "info",
                "time": "2021-05-14T14:28:44.866Z",
                "log": "Uploading code to the backend..."
            },
            {
                "_id": "609e891c853b19000d0a7417",
                "type": "info",
                "time": "2021-05-14T14:28:44.958Z",
                "log": "Finalizing deployment..."
            },
            {
                "_id": "609e891d853b19000d0a7418",
                "type": "info",
                "time": "2021-05-14T14:28:45.077Z",
                "log": "New code deployed! Restarting backend..."
            },
            {
                "_id": "609e891d853b19000d0a7419",
                "type": "info",
                "time": "2021-05-14T14:28:45.112Z",
                "log": "Verifying backend updates..."
            },
            {
                "_id": "609e8923853b19000d0a741a",
                "type": "info",
                "time": "2021-05-14T14:28:51.128Z",
                "log": "Updating replicas: (1/2). "
            },
            {
                "_id": "609e8929853b19000d0a741b",
                "type": "info",
                "time": "2021-05-14T14:28:57.175Z",
                "log": "Updating replicas: (1/2). "
            },
            {
                "_id": "609e892f853b19000d0a741c",
                "type": "info",
                "time": "2021-05-14T14:29:03.195Z",
                "log": "Updating replicas: (1/2). "
            },
            {
                "_id": "609e8935853b19000d0a741d",
                "type": "info",
                "time": "2021-05-14T14:29:09.209Z",
                "log": "Updating replicas: (1/2). "
            },
            {
                "_id": "609e893b853b19000d0a741e",
                "type": "info",
                "time": "2021-05-14T14:29:15.225Z",
                "log": "Updating replicas: (1/2). "
            },
            {
                "_id": "609e8941853b19000d0a741f",
                "type": "info",
                "time": "2021-05-14T14:29:21.238Z",
                "log": "Updating replicas: (1/2). "
            },
            {
                "_id": "609e8947853b19000d0a7420",
                "type": "info",
                "time": "2021-05-14T14:29:27.254Z",
                "log": "Updating replicas: (1/2). "
            },
            {
                "_id": "609e894d853b19000d0a7421",
                "type": "info",
                "time": "2021-05-14T14:29:33.273Z",
                "log": "Updating replicas: (1/2). "
            },
            {
                "_id": "609e8953853b19000d0a7422",
                "type": "info",
                "time": "2021-05-14T14:29:39.287Z",
                "log": "Updating replicas: (1/2). "
            },
            {
                "_id": "609e8959853b19000d0a7423",
                "type": "info",
                "time": "2021-05-14T14:29:45.303Z",
                "log": "Updating replicas: (1/2). "
            },
            {
                "_id": "609e895f853b19000d0a7424",
                "type": "info",
                "time": "2021-05-14T14:29:51.317Z",
                "log": "Updating replicas: (1/2). "
            },
            {
                "_id": "609e8965853b19000d0a7425",
                "type": "info",
                "time": "2021-05-14T14:29:57.342Z",
                "log": "Updating replicas: (1/2). "
            },
            {
                "_id": "609e896b853b19000d0a7426",
                "type": "info",
                "time": "2021-05-14T14:30:03.357Z",
                "log": "Updating replicas: (2/2). "
            },
            {
                "_id": "609e896b853b19000d0a7427",
                "type": "info",
                "time": "2021-05-14T14:30:03.367Z",
                "log": "Deployment completed"
            }
        ]
    },
    "listOfContentFileIds": [],
    "version": "1.0.0",
    "exportedDate": "2021-05-14T14:30:03.788Z",
    "exportedBy": "adarshkumar@bitpod.io",
    "workflowZip": "SJ5V11tOd_workflow_rJ4ut-n_u.zip"
}