[
    {
        "_id": "Hy2dFjpH_",
        "_deleted": true,
        "_createdAt": "2021-04-09T10:16:19.782Z",
        "_modifiedAt": "2021-04-09T10:16:19.782Z",
        "_lv": 0,
        "deploymentVersion": 9,
        "backendId": "SJ8fSND7_",
        "modelId": "cvdf",
        "enabled": true,
        "name": "getData_InEb",
        "type": "get",
        "path": "/ineb",
        "returnRaw": false,
        "functionCode": "function getData_InEb (){\n\t/**\n\t * This is a Function\n\t * Add Your Logic for this custom API here\n\t */\n}",
        "accepts": [],
        "returns": [],
        "description": [
            "no description is provided"
        ],
        "_v": 1
    },
    {
        "_id": "B1bKFjaBu",
        "_deleted": true,
        "_createdAt": "2021-04-09T10:16:25.187Z",
        "_modifiedAt": "2021-04-09T10:16:25.187Z",
        "_lv": 1,
        "deploymentVersion": 9,
        "backendId": "SJ8fSND7_",
        "modelId": "cvdf",
        "enabled": true,
        "name": "createResource_fAGd",
        "type": "post",
        "path": "/fagd",
        "returnRaw": false,
        "functionCode": "function createResource_fAGd (){\n\t/**\n\t * This is a Function\n\t * Add Your Logic for this custom API here\n\t */\n\n\n\t\n}",
        "accepts": [],
        "returns": [],
        "description": [
            "no description is provided"
        ],
        "_v": 1
    },
    {
        "_id": "r12Kl2aB_",
        "_deleted": false,
        "_createdAt": "2021-04-09T10:46:27.603Z",
        "_modifiedAt": "2021-04-09T10:46:27.603Z",
        "_lv": 0,
        "deploymentVersion": 12,
        "backendId": "SJ8fSND7_",
        "modelId": "testbfdv",
        "enabled": true,
        "name": "getData_UxGn",
        "type": "get",
        "path": "/uxgn",
        "returnRaw": false,
        "functionCode": "function getData_UxGn (){\n\t/**\n\t * This is a Function\n\t * Add Your Logic for this custom API here\n\t */\n\n\t\n}",
        "accepts": [],
        "returns": [],
        "description": [
            "no description is provided"
        ],
        "_v": 1
    }
]