[
    {
        "_id": "6049b51052d8b5000e240b4f",
        "deploymentVersion": 1,
        "backendId": "SJ8fSND7_",
        "_deleted": false,
        "_createdAt": "2021-03-11T06:13:36.590Z",
        "_modifiedAt": "2021-03-11T06:13:36.590Z",
        "system": true,
        "foreignKey": "orgId",
        "isForeignKeyAnArray": false,
        "cascadeDelete": true,
        "type": "belongsTo",
        "_lv": 0,
        "_v": 1,
        "participated_models": [
            "Organization",
            "Workflow"
        ],
        "B": {
            "name": "myOrganization",
            "modelName": "Workflow"
        },
        "A": {
            "name": "",
            "modelName": "Organization"
        }
    },
    {
        "_id": "6049b51052d8b5000e240b50",
        "deploymentVersion": 1,
        "backendId": "SJ8fSND7_",
        "_deleted": false,
        "_createdAt": "2021-03-11T06:13:36.592Z",
        "_modifiedAt": "2021-03-11T06:13:36.592Z",
        "system": true,
        "foreignKey": "orgId",
        "isForeignKeyAnArray": false,
        "cascadeDelete": true,
        "type": "belongsTo",
        "_lv": 0,
        "_v": 1,
        "participated_models": [
            "Organization",
            "jobDetail"
        ],
        "B": {
            "name": "myOrganization",
            "modelName": "jobDetail"
        },
        "A": {
            "name": "",
            "modelName": "Organization"
        }
    },
    {
        "_id": "6049b51052d8b5000e240b52",
        "deploymentVersion": 1,
        "backendId": "SJ8fSND7_",
        "_deleted": false,
        "_createdAt": "2021-03-11T06:13:36.593Z",
        "_modifiedAt": "2021-03-11T06:13:36.593Z",
        "system": true,
        "foreignKey": "orgId",
        "isForeignKeyAnArray": false,
        "cascadeDelete": true,
        "type": "belongsTo",
        "_lv": 0,
        "_v": 1,
        "participated_models": [
            "Organization",
            "Connection"
        ],
        "B": {
            "name": "myOrganization",
            "modelName": "Connection"
        },
        "A": {
            "name": "",
            "modelName": "Organization"
        }
    },
    {
        "_id": "6049b51052d8b5000e240b51",
        "deploymentVersion": 1,
        "backendId": "SJ8fSND7_",
        "_deleted": false,
        "_createdAt": "2021-03-11T06:13:36.593Z",
        "_modifiedAt": "2021-03-11T06:13:36.593Z",
        "system": true,
        "foreignKey": "orgId",
        "isForeignKeyAnArray": false,
        "cascadeDelete": true,
        "type": "belongsTo",
        "_lv": 0,
        "_v": 1,
        "participated_models": [
            "Organization",
            "Attachment"
        ],
        "B": {
            "name": "myOrganization",
            "modelName": "Attachment"
        },
        "A": {
            "name": "",
            "modelName": "Organization"
        }
    },
    {
        "_id": "S1mYfSNwXO",
        "deploymentVersion": 1,
        "backendId": "SJ8fSND7_",
        "_deleted": false,
        "_createdAt": "2021-03-11T06:13:36.691Z",
        "_modifiedAt": "2021-03-11T06:13:36.691Z",
        "system": true,
        "foreignKey": "userId",
        "foreignKeyType": "string",
        "isForeignKeyAnArray": false,
        "cascadeDelete": false,
        "type": "1-1 Relation",
        "_lv": 0,
        "_v": 1,
        "participated_models": [
            "User",
            "Attachment"
        ],
        "B": {
            "name": "owner",
            "modelName": "Attachment"
        },
        "A": {
            "name": "attachment",
            "modelName": "User"
        }
    },
    {
        "_id": "S1EFGrVP7d",
        "deploymentVersion": 1,
        "backendId": "SJ8fSND7_",
        "_deleted": false,
        "_createdAt": "2021-03-11T06:13:36.694Z",
        "_modifiedAt": "2021-03-11T06:13:36.694Z",
        "system": true,
        "foreignKey": "userId",
        "foreignKeyType": "string",
        "isForeignKeyAnArray": false,
        "cascadeDelete": false,
        "type": "1-N Relation",
        "_lv": 0,
        "_v": 1,
        "participated_models": [
            "User",
            "AccessKey"
        ],
        "B": {
            "name": "user",
            "modelName": "AccessKey"
        },
        "A": {
            "name": "accessKeys",
            "modelName": "User"
        }
    },
    {
        "_id": "606f2c302b255c000d7e14a7",
        "deploymentVersion": 2,
        "backendId": "SJ8fSND7_",
        "_deleted": false,
        "_createdAt": "2021-04-08T16:15:44.892Z",
        "_modifiedAt": "2021-04-08T16:15:44.892Z",
        "system": true,
        "foreignKey": "orgId",
        "isForeignKeyAnArray": false,
        "cascadeDelete": true,
        "type": "belongsTo",
        "_lv": 0,
        "_v": 1,
        "participated_models": [
            "Organization",
            "Offer"
        ],
        "B": {
            "name": "myOrganization",
            "modelName": "Offer"
        },
        "A": {
            "name": "",
            "modelName": "Organization"
        }
    },
    {
        "_id": "607028aff03b0a000d199403",
        "deploymentVersion": 8,
        "backendId": "SJ8fSND7_",
        "_deleted": false,
        "_createdAt": "2021-04-09T10:13:03.977Z",
        "_modifiedAt": "2021-04-09T10:13:03.977Z",
        "system": true,
        "foreignKey": "orgId",
        "isForeignKeyAnArray": false,
        "cascadeDelete": true,
        "type": "belongsTo",
        "_lv": 0,
        "_v": 1,
        "participated_models": [
            "Organization",
            "cvdf"
        ],
        "B": {
            "name": "myOrganization",
            "modelName": "cvdf"
        },
        "A": {
            "name": "",
            "modelName": "Organization"
        }
    }
]