[
    {
        "_id": "6049b51052d8b5000e240b4f",
        "deploymentVersion": 1,
        "backendId": "SJ8fSND7_",
        "_deleted": false,
        "_createdAt": "2021-03-11T06:13:36.590Z",
        "_modifiedAt": "2021-03-11T06:13:36.590Z",
        "system": true,
        "foreignKey": "orgId",
        "isForeignKeyAnArray": false,
        "cascadeDelete": true,
        "type": "belongsTo",
        "_lv": 0,
        "_v": 1,
        "participated_models": [
            "Organization",
            "Workflow"
        ],
        "B": {
            "name": "myOrganization",
            "modelName": "Workflow"
        },
        "A": {
            "name": "",
            "modelName": "Organization"
        }
    },
    {
        "_id": "6049b51052d8b5000e240b50",
        "deploymentVersion": 1,
        "backendId": "SJ8fSND7_",
        "_deleted": false,
        "_createdAt": "2021-03-11T06:13:36.592Z",
        "_modifiedAt": "2021-03-11T06:13:36.592Z",
        "system": true,
        "foreignKey": "orgId",
        "isForeignKeyAnArray": false,
        "cascadeDelete": true,
        "type": "belongsTo",
        "_lv": 0,
        "_v": 1,
        "participated_models": [
            "Organization",
            "jobDetail"
        ],
        "B": {
            "name": "myOrganization",
            "modelName": "jobDetail"
        },
        "A": {
            "name": "",
            "modelName": "Organization"
        }
    },
    {
        "_id": "6049b51052d8b5000e240b52",
        "deploymentVersion": 1,
        "backendId": "SJ8fSND7_",
        "_deleted": false,
        "_createdAt": "2021-03-11T06:13:36.593Z",
        "_modifiedAt": "2021-03-11T06:13:36.593Z",
        "system": true,
        "foreignKey": "orgId",
        "isForeignKeyAnArray": false,
        "cascadeDelete": true,
        "type": "belongsTo",
        "_lv": 0,
        "_v": 1,
        "participated_models": [
            "Organization",
            "Connection"
        ],
        "B": {
            "name": "myOrganization",
            "modelName": "Connection"
        },
        "A": {
            "name": "",
            "modelName": "Organization"
        }
    },
    {
        "_id": "6049b51052d8b5000e240b51",
        "deploymentVersion": 1,
        "backendId": "SJ8fSND7_",
        "_deleted": false,
        "_createdAt": "2021-03-11T06:13:36.593Z",
        "_modifiedAt": "2021-03-11T06:13:36.593Z",
        "system": true,
        "foreignKey": "orgId",
        "isForeignKeyAnArray": false,
        "cascadeDelete": true,
        "type": "belongsTo",
        "_lv": 0,
        "_v": 1,
        "participated_models": [
            "Organization",
            "Attachment"
        ],
        "B": {
            "name": "myOrganization",
            "modelName": "Attachment"
        },
        "A": {
            "name": "",
            "modelName": "Organization"
        }
    },
    {
        "_id": "S1mYfSNwXO",
        "deploymentVersion": 1,
        "backendId": "SJ8fSND7_",
        "_deleted": false,
        "_createdAt": "2021-03-11T06:13:36.691Z",
        "_modifiedAt": "2021-03-11T06:13:36.691Z",
        "system": true,
        "foreignKey": "userId",
        "foreignKeyType": "string",
        "isForeignKeyAnArray": false,
        "cascadeDelete": false,
        "type": "1-1 Relation",
        "_lv": 0,
        "_v": 1,
        "participated_models": [
            "User",
            "Attachment"
        ],
        "B": {
            "name": "owner",
            "modelName": "Attachment"
        },
        "A": {
            "name": "attachment",
            "modelName": "User"
        }
    },
    {
        "_id": "S1EFGrVP7d",
        "deploymentVersion": 1,
        "backendId": "SJ8fSND7_",
        "_deleted": false,
        "_createdAt": "2021-03-11T06:13:36.694Z",
        "_modifiedAt": "2021-03-11T06:13:36.694Z",
        "system": true,
        "foreignKey": "userId",
        "foreignKeyType": "string",
        "isForeignKeyAnArray": false,
        "cascadeDelete": false,
        "type": "1-N Relation",
        "_lv": 0,
        "_v": 1,
        "participated_models": [
            "User",
            "AccessKey"
        ],
        "B": {
            "name": "user",
            "modelName": "AccessKey"
        },
        "A": {
            "name": "accessKeys",
            "modelName": "User"
        }
    },
    {
        "_id": "606f2c302b255c000d7e14a7",
        "deploymentVersion": 2,
        "backendId": "SJ8fSND7_",
        "_deleted": false,
        "_createdAt": "2021-04-08T16:15:44.892Z",
        "_modifiedAt": "2021-04-08T16:15:44.892Z",
        "system": true,
        "foreignKey": "orgId",
        "isForeignKeyAnArray": false,
        "cascadeDelete": true,
        "type": "belongsTo",
        "_lv": 0,
        "_v": 1,
        "participated_models": [
            "Organization",
            "Offer"
        ],
        "B": {
            "name": "myOrganization",
            "modelName": "Offer"
        },
        "A": {
            "name": "",
            "modelName": "Organization"
        }
    },
    {
        "_id": "607028aff03b0a000d199403",
        "deploymentVersion": 8,
        "backendId": "SJ8fSND7_",
        "_deleted": true,
        "_createdAt": "2021-04-09T10:13:03.977Z",
        "_modifiedAt": "2021-04-09T10:13:03.977Z",
        "system": true,
        "foreignKey": "orgId",
        "isForeignKeyAnArray": false,
        "cascadeDelete": true,
        "type": "belongsTo",
        "_lv": 0,
        "_v": 1,
        "participated_models": [
            "Organization",
            "cvdf"
        ],
        "B": {
            "name": "myOrganization",
            "modelName": "cvdf"
        },
        "A": {
            "name": "",
            "modelName": "Organization"
        }
    },
    {
        "_id": "60702f12f03b0a000d199404",
        "deploymentVersion": 11,
        "backendId": "SJ8fSND7_",
        "_deleted": false,
        "_createdAt": "2021-04-09T10:40:18.194Z",
        "_modifiedAt": "2021-04-09T10:40:18.194Z",
        "system": true,
        "foreignKey": "orgId",
        "isForeignKeyAnArray": false,
        "cascadeDelete": true,
        "type": "belongsTo",
        "_lv": 0,
        "_v": 1,
        "participated_models": [
            "Organization",
            "testbfdv"
        ],
        "B": {
            "name": "myOrganization",
            "modelName": "testbfdv"
        },
        "A": {
            "name": "",
            "modelName": "Organization"
        }
    },
    {
        "_id": "60702f37f03b0a000d199405",
        "deploymentVersion": 11,
        "backendId": "SJ8fSND7_",
        "_deleted": false,
        "_createdAt": "2021-04-09T10:40:55.623Z",
        "_modifiedAt": "2021-04-09T10:40:55.623Z",
        "system": true,
        "foreignKey": "orgId",
        "isForeignKeyAnArray": false,
        "cascadeDelete": true,
        "type": "belongsTo",
        "_lv": 0,
        "_v": 1,
        "participated_models": [
            "Organization",
            "nbv"
        ],
        "B": {
            "name": "myOrganization",
            "modelName": "nbv"
        },
        "A": {
            "name": "",
            "modelName": "Organization"
        }
    },
    {
        "_id": "6070301e7444960d620073cc",
        "deploymentVersion": 12,
        "backendId": "SJ8fSND7_",
        "_deleted": false,
        "_createdAt": "2021-04-09T10:44:47.778Z",
        "_modifiedAt": "2021-04-09T10:44:47.778Z",
        "system": false,
        "foreignKey": "accesskeyId",
        "foreignKeyType": "string",
        "isForeignKeyAnArray": false,
        "cascadeDelete": false,
        "type": "1-1 Relation",
        "_lv": 0,
        "_v": 1,
        "participated_models": [
            "AccessKey",
            "nbv"
        ],
        "B": {
            "name": "accesskey",
            "modelName": "nbv"
        },
        "A": {
            "name": "nbv",
            "modelName": "AccessKey"
        }
    },
    {
        "_id": "6070303a7444960d620073cd",
        "deploymentVersion": 12,
        "backendId": "SJ8fSND7_",
        "_deleted": false,
        "_createdAt": "2021-04-09T10:45:15.437Z",
        "_modifiedAt": "2021-04-09T10:45:15.437Z",
        "system": false,
        "foreignKey": "attachmentId",
        "foreignKeyType": "string",
        "isForeignKeyAnArray": false,
        "cascadeDelete": false,
        "type": "1-N Relation",
        "_lv": 0,
        "_v": 1,
        "participated_models": [
            "Attachment",
            "nbv"
        ],
        "B": {
            "name": "attachment",
            "modelName": "nbv"
        },
        "A": {
            "name": "nbvs",
            "modelName": "Attachment"
        }
    },
    {
        "_id": "607030407444960d620073ce",
        "deploymentVersion": 12,
        "backendId": "SJ8fSND7_",
        "_deleted": false,
        "_createdAt": "2021-04-09T10:45:22.000Z",
        "_modifiedAt": "2021-04-09T10:45:22.000Z",
        "system": false,
        "foreignKey": "jobdetailIds",
        "foreignKeyType": "string",
        "isForeignKeyAnArray": true,
        "cascadeDelete": false,
        "type": "References Many",
        "_lv": 0,
        "_v": 1,
        "participated_models": [
            "nbv",
            "jobDetail"
        ],
        "B": {
            "name": "",
            "modelName": "jobDetail"
        },
        "A": {
            "name": "jobdetails",
            "modelName": "nbv"
        }
    },
    {
        "_id": "60703ffff03b0a000d19940a",
        "deploymentVersion": 12,
        "backendId": "SJ8fSND7_",
        "_deleted": false,
        "_createdAt": "2021-04-09T11:52:31.105Z",
        "_modifiedAt": "2021-04-09T11:52:31.105Z",
        "system": true,
        "foreignKey": "orgId",
        "isForeignKeyAnArray": false,
        "cascadeDelete": true,
        "type": "belongsTo",
        "_lv": 0,
        "_v": 1,
        "participated_models": [
            "Organization",
            "tiop"
        ],
        "B": {
            "name": "myOrganization",
            "modelName": "tiop"
        },
        "A": {
            "name": "",
            "modelName": "Organization"
        }
    },
    {
        "_id": "607044ccf03b0a000d19940b",
        "deploymentVersion": 14,
        "backendId": "SJ8fSND7_",
        "_deleted": false,
        "_createdAt": "2021-04-09T12:13:00.640Z",
        "_modifiedAt": "2021-04-09T12:13:00.640Z",
        "system": true,
        "foreignKey": "orgId",
        "isForeignKeyAnArray": false,
        "cascadeDelete": true,
        "type": "belongsTo",
        "_lv": 0,
        "_v": 1,
        "participated_models": [
            "Organization",
            "dreams"
        ],
        "B": {
            "name": "myOrganization",
            "modelName": "dreams"
        },
        "A": {
            "name": "",
            "modelName": "Organization"
        }
    },
    {
        "_id": "60893d160839a6000dfd9050",
        "deploymentVersion": 16,
        "backendId": "SJ8fSND7_",
        "_deleted": false,
        "_createdAt": "2021-04-28T10:46:46.975Z",
        "_modifiedAt": "2021-04-28T10:46:46.975Z",
        "system": true,
        "foreignKey": "orgId",
        "isForeignKeyAnArray": false,
        "cascadeDelete": true,
        "type": "belongsTo",
        "_lv": 0,
        "_v": 1,
        "participated_models": [
            "Organization",
            "King"
        ],
        "B": {
            "name": "myOrganization",
            "modelName": "King"
        },
        "A": {
            "name": "",
            "modelName": "Organization"
        }
    }
]