[
    {
        "_id": "609b5f344f2493000edc14f5",
        "deploymentVersion": 1,
        "backendId": "SJ5V11tOd",
        "_deleted": false,
        "_createdAt": "2021-05-12T04:53:08.871Z",
        "_modifiedAt": "2021-05-12T04:53:08.871Z",
        "system": true,
        "foreignKey": "orgId",
        "isForeignKeyAnArray": false,
        "cascadeDelete": true,
        "type": "belongsTo",
        "_lv": 0,
        "_v": 1,
        "participated_models": [
            "Organization",
            "Connection"
        ],
        "B": {
            "name": "myOrganization",
            "modelName": "Connection"
        },
        "A": {
            "name": "",
            "modelName": "Organization"
        }
    },
    {
        "_id": "609b5f344f2493000edc14f6",
        "deploymentVersion": 1,
        "backendId": "SJ5V11tOd",
        "_deleted": false,
        "_createdAt": "2021-05-12T04:53:08.875Z",
        "_modifiedAt": "2021-05-12T04:53:08.875Z",
        "system": true,
        "foreignKey": "orgId",
        "isForeignKeyAnArray": false,
        "cascadeDelete": true,
        "type": "belongsTo",
        "_lv": 0,
        "_v": 1,
        "participated_models": [
            "Organization",
            "Attachment"
        ],
        "B": {
            "name": "myOrganization",
            "modelName": "Attachment"
        },
        "A": {
            "name": "",
            "modelName": "Organization"
        }
    },
    {
        "_id": "609b5f344f2493000edc14f7",
        "deploymentVersion": 1,
        "backendId": "SJ5V11tOd",
        "_deleted": false,
        "_createdAt": "2021-05-12T04:53:08.877Z",
        "_modifiedAt": "2021-05-12T04:53:08.877Z",
        "system": true,
        "foreignKey": "orgId",
        "isForeignKeyAnArray": false,
        "cascadeDelete": true,
        "type": "belongsTo",
        "_lv": 0,
        "_v": 1,
        "participated_models": [
            "Organization",
            "jobDetail"
        ],
        "B": {
            "name": "myOrganization",
            "modelName": "jobDetail"
        },
        "A": {
            "name": "",
            "modelName": "Organization"
        }
    },
    {
        "_id": "609b5f344f2493000edc14f8",
        "deploymentVersion": 1,
        "backendId": "SJ5V11tOd",
        "_deleted": false,
        "_createdAt": "2021-05-12T04:53:08.877Z",
        "_modifiedAt": "2021-05-12T04:53:08.877Z",
        "system": true,
        "foreignKey": "orgId",
        "isForeignKeyAnArray": false,
        "cascadeDelete": true,
        "type": "belongsTo",
        "_lv": 0,
        "_v": 1,
        "participated_models": [
            "Organization",
            "Workflow"
        ],
        "B": {
            "name": "myOrganization",
            "modelName": "Workflow"
        },
        "A": {
            "name": "",
            "modelName": "Organization"
        }
    },
    {
        "_id": "HkvD6NkyKOu",
        "deploymentVersion": 1,
        "backendId": "SJ5V11tOd",
        "_deleted": false,
        "_createdAt": "2021-05-12T04:53:08.954Z",
        "_modifiedAt": "2021-05-12T04:53:08.954Z",
        "system": true,
        "foreignKey": "userId",
        "foreignKeyType": "string",
        "isForeignKeyAnArray": false,
        "cascadeDelete": false,
        "type": "1-1 Relation",
        "_lv": 0,
        "_v": 1,
        "participated_models": [
            "User",
            "Attachment"
        ],
        "B": {
            "name": "owner",
            "modelName": "Attachment"
        },
        "A": {
            "name": "attachment",
            "modelName": "User"
        }
    },
    {
        "_id": "Bk_vT4k1Fuu",
        "deploymentVersion": 1,
        "backendId": "SJ5V11tOd",
        "_deleted": false,
        "_createdAt": "2021-05-12T04:53:08.954Z",
        "_modifiedAt": "2021-05-12T04:53:08.954Z",
        "system": true,
        "foreignKey": "userId",
        "foreignKeyType": "string",
        "isForeignKeyAnArray": false,
        "cascadeDelete": false,
        "type": "1-N Relation",
        "_lv": 0,
        "_v": 1,
        "participated_models": [
            "User",
            "AccessKey"
        ],
        "B": {
            "name": "user",
            "modelName": "AccessKey"
        },
        "A": {
            "name": "accessKeys",
            "modelName": "User"
        }
    },
    {
        "_id": "609bc8974f2493000edc1500",
        "deploymentVersion": 2,
        "backendId": "SJ5V11tOd",
        "_deleted": false,
        "_createdAt": "2021-05-12T12:22:47.061Z",
        "_modifiedAt": "2021-05-12T12:22:47.061Z",
        "system": true,
        "foreignKey": "orgId",
        "isForeignKeyAnArray": false,
        "cascadeDelete": true,
        "type": "belongsTo",
        "_lv": 0,
        "_v": 1,
        "participated_models": [
            "Organization",
            "Kafka"
        ],
        "B": {
            "name": "myOrganization",
            "modelName": "Kafka"
        },
        "A": {
            "name": "",
            "modelName": "Organization"
        }
    }
]